id,name,type1,type2,generation,hp,attack,defense,sp_attack,sp_defense,speed,Total,weight (kg),height (m),is_legendary,is_mythical,is_ultrabeast,is_ordinary
1,bulbasaur,grass,poison,1,45,49,49,65,65,45,318,6.9,0.7000000000000001,0,0,0,1
2,ivysaur,grass,poison,1,60,62,63,80,80,60,405,13.0,1.0,0,0,0,1
3,venusaur,grass,poison,1,80,82,83,100,100,80,525,100.0,2.0,0,0,0,1
4,charmander,fire,,1,39,52,43,60,50,65,309,8.5,0.6000000000000001,0,0,0,1
5,charmeleon,fire,,1,58,64,58,80,65,80,405,19.0,1.1,0,0,0,1
6,charizard,fire,flying,1,78,84,78,109,85,100,534,90.5,1.7000000000000002,0,0,0,1
7,squirtle,water,,1,44,48,65,50,64,43,314,9.0,0.5,0,0,0,1
8,wartortle,water,,1,59,63,80,65,80,58,405,22.5,1.0,0,0,0,1
9,blastoise,water,,1,79,83,100,85,105,78,530,85.5,1.6,0,0,0,1
10,caterpie,bug,,1,45,30,35,20,20,45,195,2.9000000000000004,0.3,0,0,0,1
11,metapod,bug,,1,50,20,55,25,25,30,205,9.9,0.7000000000000001,0,0,0,1
12,butterfree,bug,flying,1,60,45,50,90,80,70,395,32.0,1.1,0,0,0,1
13,weedle,bug,poison,1,40,35,30,20,20,50,195,3.2,0.3,0,0,0,1
14,kakuna,bug,poison,1,45,25,50,25,25,35,205,10.0,0.6000000000000001,0,0,0,1
15,beedrill,bug,poison,1,65,90,40,45,80,75,395,29.5,1.0,0,0,0,1
16,pidgey,normal,flying,1,40,45,40,35,35,56,251,1.8,0.3,0,0,0,1
17,pidgeotto,normal,flying,1,63,60,55,50,50,71,349,30.0,1.1,0,0,0,1
18,pidgeot,normal,flying,1,83,80,75,70,70,101,479,39.5,1.5,0,0,0,1
19,rattata,normal,,1,30,56,35,25,35,72,253,3.5,0.3,0,0,0,1
20,raticate,normal,,1,55,81,60,50,70,97,413,18.5,0.7000000000000001,0,0,0,1
21,spearow,normal,flying,1,40,60,30,31,31,70,262,2.0,0.3,0,0,0,1
22,fearow,normal,flying,1,65,90,65,61,61,100,442,38.0,1.2000000000000002,0,0,0,1
23,ekans,poison,,1,35,60,44,40,54,55,288,6.9,2.0,0,0,0,1
24,arbok,poison,,1,60,95,69,65,79,80,448,65.0,3.5,0,0,0,1
25,pikachu,electric,,1,35,55,40,50,50,90,320,6.0,0.4,0,0,0,1
26,raichu,electric,,1,60,90,55,90,80,110,485,30.0,0.8,0,0,0,1
27,sandshrew,ground,,1,50,75,85,20,30,40,300,12.0,0.6000000000000001,0,0,0,1
28,sandslash,ground,,1,75,100,110,45,55,65,450,29.5,1.0,0,0,0,1
29,nidoran-f,poison,,1,55,47,52,40,40,41,275,7.0,0.4,0,0,0,1
30,nidorina,poison,,1,70,62,67,55,55,56,365,20.0,0.8,0,0,0,1
31,nidoqueen,poison,ground,1,90,92,87,75,85,76,505,60.0,1.3,0,0,0,1
32,nidoran-m,poison,,1,46,57,40,40,40,50,273,9.0,0.5,0,0,0,1
33,nidorino,poison,,1,61,72,57,55,55,65,365,19.5,0.9,0,0,0,1
34,nidoking,poison,ground,1,81,102,77,85,75,85,505,62.0,1.4,0,0,0,1
35,clefairy,fairy,,1,70,45,48,60,65,35,323,7.5,0.6000000000000001,0,0,0,1
36,clefable,fairy,,1,95,70,73,95,90,60,483,40.0,1.3,0,0,0,1
37,vulpix,fire,,1,38,41,40,50,65,65,299,9.9,0.6000000000000001,0,0,0,1
38,ninetales,fire,,1,73,76,75,81,100,100,505,19.9,1.1,0,0,0,1
39,jigglypuff,normal,fairy,1,115,45,20,45,25,20,270,5.5,0.5,0,0,0,1
40,wigglytuff,normal,fairy,1,140,70,45,85,50,45,435,12.0,1.0,0,0,0,1
41,zubat,poison,flying,1,40,45,35,30,40,55,245,7.5,0.8,0,0,0,1
42,golbat,poison,flying,1,75,80,70,65,75,90,455,55.0,1.6,0,0,0,1
43,oddish,grass,poison,1,45,50,55,75,65,30,320,5.4,0.5,0,0,0,1
44,gloom,grass,poison,1,60,65,70,85,75,40,395,8.6,0.8,0,0,0,1
45,vileplume,grass,poison,1,75,80,85,110,90,50,490,18.6,1.2000000000000002,0,0,0,1
46,paras,bug,grass,1,35,70,55,45,55,25,285,5.4,0.3,0,0,0,1
47,parasect,bug,grass,1,60,95,80,60,80,30,405,29.5,1.0,0,0,0,1
48,venonat,bug,poison,1,60,55,50,40,55,45,305,30.0,1.0,0,0,0,1
49,venomoth,bug,poison,1,70,65,60,90,75,90,450,12.5,1.5,0,0,0,1
50,diglett,ground,,1,10,55,25,35,45,95,265,0.8,0.2,0,0,0,1
51,dugtrio,ground,,1,35,100,50,50,70,120,425,33.300000000000004,0.7000000000000001,0,0,0,1
52,meowth,normal,,1,40,45,35,40,40,90,290,4.2,0.4,0,0,0,1
53,persian,normal,,1,65,70,60,65,65,115,440,32.0,1.0,0,0,0,1
54,psyduck,water,,1,50,52,48,65,50,55,320,19.6,0.8,0,0,0,1
55,golduck,water,,1,80,82,78,95,80,85,500,76.60000000000001,1.7000000000000002,0,0,0,1
56,mankey,fighting,,1,40,80,35,35,45,70,305,28.0,0.5,0,0,0,1
57,primeape,fighting,,1,65,105,60,60,70,95,455,32.0,1.0,0,0,0,1
58,growlithe,fire,,1,55,70,45,70,50,60,350,19.0,0.7000000000000001,0,0,0,1
59,arcanine,fire,,1,90,110,80,100,80,95,555,155.0,1.9,0,0,0,1
60,poliwag,water,,1,40,50,40,40,40,90,300,12.4,0.6000000000000001,0,0,0,1
61,poliwhirl,water,,1,65,65,65,50,50,90,385,20.0,1.0,0,0,0,1
62,poliwrath,water,fighting,1,90,95,95,70,90,70,510,54.0,1.3,0,0,0,1
63,abra,psychic,,1,25,20,15,105,55,90,310,19.5,0.9,0,0,0,1
64,kadabra,psychic,,1,40,35,30,120,70,105,400,56.5,1.3,0,0,0,1
65,alakazam,psychic,,1,55,50,45,135,95,120,500,48.0,1.5,0,0,0,1
66,machop,fighting,,1,70,80,50,35,35,35,305,19.5,0.8,0,0,0,1
67,machoke,fighting,,1,80,100,70,50,60,45,405,70.5,1.5,0,0,0,1
68,machamp,fighting,,1,90,130,80,65,85,55,505,130.0,1.6,0,0,0,1
69,bellsprout,grass,poison,1,50,75,35,70,30,40,300,4.0,0.7000000000000001,0,0,0,1
70,weepinbell,grass,poison,1,65,90,50,85,45,55,390,6.4,1.0,0,0,0,1
71,victreebel,grass,poison,1,80,105,65,100,70,70,490,15.5,1.7000000000000002,0,0,0,1
72,tentacool,water,poison,1,40,40,35,50,100,70,335,45.5,0.9,0,0,0,1
73,tentacruel,water,poison,1,80,70,65,80,120,100,515,55.0,1.6,0,0,0,1
74,geodude,rock,ground,1,40,80,100,30,30,20,300,20.0,0.4,0,0,0,1
75,graveler,rock,ground,1,55,95,115,45,45,35,390,105.0,1.0,0,0,0,1
76,golem,rock,ground,1,80,120,130,55,65,45,495,300.0,1.4,0,0,0,1
77,ponyta,fire,,1,50,85,55,65,65,90,410,30.0,1.0,0,0,0,1
78,rapidash,fire,,1,65,100,70,80,80,105,500,95.0,1.7000000000000002,0,0,0,1
79,slowpoke,water,psychic,1,90,65,65,40,40,15,315,36.0,1.2000000000000002,0,0,0,1
80,slowbro,water,psychic,1,95,75,110,100,80,30,490,78.5,1.6,0,0,0,1
81,magnemite,electric,steel,1,25,35,70,95,55,45,325,6.0,0.3,0,0,0,1
82,magneton,electric,steel,1,50,60,95,120,70,70,465,60.0,1.0,0,0,0,1
83,farfetchd,normal,flying,1,52,90,55,58,62,60,377,15.0,0.8,0,0,0,1
84,doduo,normal,flying,1,35,85,45,35,35,75,310,39.2,1.4,0,0,0,1
85,dodrio,normal,flying,1,60,110,70,60,60,110,470,85.2,1.8,0,0,0,1
86,seel,water,,1,65,45,55,45,70,45,325,90.0,1.1,0,0,0,1
87,dewgong,water,ice,1,90,70,80,70,95,70,475,120.0,1.7000000000000002,0,0,0,1
88,grimer,poison,,1,80,80,50,40,50,25,325,30.0,0.9,0,0,0,1
89,muk,poison,,1,105,105,75,65,100,50,500,30.0,1.2000000000000002,0,0,0,1
90,shellder,water,,1,30,65,100,45,25,40,305,4.0,0.3,0,0,0,1
91,cloyster,water,ice,1,50,95,180,85,45,70,525,132.5,1.5,0,0,0,1
92,gastly,ghost,poison,1,30,35,30,100,35,80,310,0.1,1.3,0,0,0,1
93,haunter,ghost,poison,1,45,50,45,115,55,95,405,0.1,1.6,0,0,0,1
94,gengar,ghost,poison,1,60,65,60,130,75,110,500,40.5,1.5,0,0,0,1
95,onix,rock,ground,1,35,45,160,30,45,70,385,210.0,8.8,0,0,0,1
96,drowzee,psychic,,1,60,48,45,43,90,42,328,32.4,1.0,0,0,0,1
97,hypno,psychic,,1,85,73,70,73,115,67,483,75.60000000000001,1.6,0,0,0,1
98,krabby,water,,1,30,105,90,25,25,50,325,6.5,0.4,0,0,0,1
99,kingler,water,,1,55,130,115,50,50,75,475,60.0,1.3,0,0,0,1
100,voltorb,electric,,1,40,30,50,55,55,100,330,10.4,0.5,0,0,0,1
101,electrode,electric,,1,60,50,70,80,80,150,490,66.60000000000001,1.2000000000000002,0,0,0,1
102,exeggcute,grass,psychic,1,60,40,80,60,45,40,325,2.5,0.4,0,0,0,1
103,exeggutor,grass,psychic,1,95,95,85,125,75,55,530,120.0,2.0,0,0,0,1
104,cubone,ground,,1,50,50,95,40,50,35,320,6.5,0.4,0,0,0,1
105,marowak,ground,,1,60,80,110,50,80,45,425,45.0,1.0,0,0,0,1
106,hitmonlee,fighting,,1,50,120,53,35,110,87,455,49.8,1.5,0,0,0,1
107,hitmonchan,fighting,,1,50,105,79,35,110,76,455,50.2,1.4,0,0,0,1
108,lickitung,normal,,1,90,55,75,60,75,30,385,65.5,1.2000000000000002,0,0,0,1
109,koffing,poison,,1,40,65,95,60,45,35,340,1.0,0.6000000000000001,0,0,0,1
110,weezing,poison,,1,65,90,120,85,70,60,490,9.5,1.2000000000000002,0,0,0,1
111,rhyhorn,ground,rock,1,80,85,95,30,30,25,345,115.0,1.0,0,0,0,1
112,rhydon,ground,rock,1,105,130,120,45,45,40,485,120.0,1.9,0,0,0,1
113,chansey,normal,,1,250,5,5,35,105,50,450,34.6,1.1,0,0,0,1
114,tangela,grass,,1,65,55,115,100,40,60,435,35.0,1.0,0,0,0,1
115,kangaskhan,normal,,1,105,95,80,40,80,90,490,80.0,2.2,0,0,0,1
116,horsea,water,,1,30,40,70,70,25,60,295,8.0,0.4,0,0,0,1
117,seadra,water,,1,55,65,95,95,45,85,440,25.0,1.2000000000000002,0,0,0,1
118,goldeen,water,,1,45,67,60,35,50,63,320,15.0,0.6000000000000001,0,0,0,1
119,seaking,water,,1,80,92,65,65,80,68,450,39.0,1.3,0,0,0,1
120,staryu,water,,1,30,45,55,70,55,85,340,34.5,0.8,0,0,0,1
121,starmie,water,psychic,1,60,75,85,100,85,115,520,80.0,1.1,0,0,0,1
122,mr-mime,psychic,fairy,1,40,45,65,100,120,90,460,54.5,1.3,0,0,0,1
123,scyther,bug,flying,1,70,110,80,55,80,105,500,56.0,1.5,0,0,0,1
124,jynx,ice,psychic,1,65,50,35,115,95,95,455,40.6,1.4,0,0,0,1
125,electabuzz,electric,,1,65,83,57,95,85,105,490,30.0,1.1,0,0,0,1
126,magmar,fire,,1,65,95,57,100,85,93,495,44.5,1.3,0,0,0,1
127,pinsir,bug,,1,65,125,100,55,70,85,500,55.0,1.5,0,0,0,1
128,tauros,normal,,1,75,100,95,40,70,110,490,88.4,1.4,0,0,0,1
129,magikarp,water,,1,20,10,55,15,20,80,200,10.0,0.9,0,0,0,1
130,gyarados,water,flying,1,95,125,79,60,100,81,540,235.0,6.5,0,0,0,1
131,lapras,water,ice,1,130,85,80,85,95,60,535,220.0,2.5,0,0,0,1
132,ditto,normal,,1,48,48,48,48,48,48,288,4.0,0.3,0,0,0,1
133,eevee,normal,,1,55,55,50,45,65,55,325,6.5,0.3,0,0,0,1
134,vaporeon,water,,1,130,65,60,110,95,65,525,29.0,1.0,0,0,0,1
135,jolteon,electric,,1,65,65,60,110,95,130,525,24.5,0.8,0,0,0,1
136,flareon,fire,,1,65,130,60,95,110,65,525,25.0,0.9,0,0,0,1
137,porygon,normal,,1,65,60,70,85,75,40,395,36.5,0.8,0,0,0,1
138,omanyte,rock,water,1,35,40,100,90,55,35,355,7.5,0.4,0,0,0,1
139,omastar,rock,water,1,70,60,125,115,70,55,495,35.0,1.0,0,0,0,1
140,kabuto,rock,water,1,30,80,90,55,45,55,355,11.5,0.5,0,0,0,1
141,kabutops,rock,water,1,60,115,105,65,70,80,495,40.5,1.3,0,0,0,1
142,aerodactyl,rock,flying,1,80,105,65,60,75,130,515,59.0,1.8,0,0,0,1
143,snorlax,normal,,1,160,110,65,65,110,30,540,460.0,2.1,0,0,0,1
144,articuno,ice,flying,1,90,85,100,95,125,85,580,55.400000000000006,1.7000000000000002,1,0,0,0
145,zapdos,electric,flying,1,90,90,85,125,90,100,580,52.6,1.6,1,0,0,0
146,moltres,fire,flying,1,90,100,90,125,85,90,580,60.0,2.0,1,0,0,0
147,dratini,dragon,,1,41,64,45,50,50,50,300,3.3000000000000003,1.8,0,0,0,1
148,dragonair,dragon,,1,61,84,65,70,70,70,420,16.5,4.0,0,0,0,1
149,dragonite,dragon,flying,1,91,134,95,100,100,80,600,210.0,2.2,0,0,0,1
150,mewtwo,psychic,,1,106,110,90,154,90,130,680,122.0,2.0,1,0,0,0
151,mew,psychic,,1,100,100,100,100,100,100,600,4.0,0.4,0,1,0,0
152,chikorita,grass,,2,45,49,65,49,65,45,318,6.4,0.9,0,0,0,1
153,bayleef,grass,,2,60,62,80,63,80,60,405,15.8,1.2000000000000002,0,0,0,1
154,meganium,grass,,2,80,82,100,83,100,80,525,100.5,1.8,0,0,0,1
155,cyndaquil,fire,,2,39,52,43,60,50,65,309,7.9,0.5,0,0,0,1
156,quilava,fire,,2,58,64,58,80,65,80,405,19.0,0.9,0,0,0,1
157,typhlosion,fire,,2,78,84,78,109,85,100,534,79.5,1.7000000000000002,0,0,0,1
158,totodile,water,,2,50,65,64,44,48,43,314,9.5,0.6000000000000001,0,0,0,1
159,croconaw,water,,2,65,80,80,59,63,58,405,25.0,1.1,0,0,0,1
160,feraligatr,water,,2,85,105,100,79,83,78,530,88.80000000000001,2.3000000000000003,0,0,0,1
161,sentret,normal,,2,35,46,34,35,45,20,215,6.0,0.8,0,0,0,1
162,furret,normal,,2,85,76,64,45,55,90,415,32.5,1.8,0,0,0,1
163,hoothoot,normal,flying,2,60,30,30,36,56,50,262,21.200000000000003,0.7000000000000001,0,0,0,1
164,noctowl,normal,flying,2,100,50,50,86,96,70,452,40.8,1.6,0,0,0,1
165,ledyba,bug,flying,2,40,20,30,40,80,55,265,10.8,1.0,0,0,0,1
166,ledian,bug,flying,2,55,35,50,55,110,85,390,35.6,1.4,0,0,0,1
167,spinarak,bug,poison,2,40,60,40,40,40,30,250,8.5,0.5,0,0,0,1
168,ariados,bug,poison,2,70,90,70,60,70,40,400,33.5,1.1,0,0,0,1
169,crobat,poison,flying,2,85,90,80,70,80,130,535,75.0,1.8,0,0,0,1
170,chinchou,water,electric,2,75,38,38,56,56,67,330,12.0,0.5,0,0,0,1
171,lanturn,water,electric,2,125,58,58,76,76,67,460,22.5,1.2000000000000002,0,0,0,1
172,pichu,electric,,2,20,40,15,35,35,60,205,2.0,0.3,0,0,0,1
173,cleffa,fairy,,2,50,25,28,45,55,15,218,3.0,0.3,0,0,0,1
174,igglybuff,normal,fairy,2,90,30,15,40,20,15,210,1.0,0.3,0,0,0,1
175,togepi,fairy,,2,35,20,65,40,65,20,245,1.5,0.3,0,0,0,1
176,togetic,fairy,flying,2,55,40,85,80,105,40,405,3.2,0.6000000000000001,0,0,0,1
177,natu,psychic,flying,2,40,50,45,70,45,70,320,2.0,0.2,0,0,0,1
178,xatu,psychic,flying,2,65,75,70,95,70,95,470,15.0,1.5,0,0,0,1
179,mareep,electric,,2,55,40,40,65,45,35,280,7.800000000000001,0.6000000000000001,0,0,0,1
180,flaaffy,electric,,2,70,55,55,80,60,45,365,13.3,0.8,0,0,0,1
181,ampharos,electric,,2,90,75,85,115,90,55,510,61.5,1.4,0,0,0,1
182,bellossom,grass,,2,75,80,95,90,100,50,490,5.800000000000001,0.4,0,0,0,1
183,marill,water,fairy,2,70,20,50,20,50,40,250,8.5,0.4,0,0,0,1
184,azumarill,water,fairy,2,100,50,80,60,80,50,420,28.5,0.8,0,0,0,1
185,sudowoodo,rock,,2,70,100,115,30,65,30,410,38.0,1.2000000000000002,0,0,0,1
186,politoed,water,,2,90,75,75,90,100,70,500,33.9,1.1,0,0,0,1
187,hoppip,grass,flying,2,35,35,40,35,55,50,250,0.5,0.4,0,0,0,1
188,skiploom,grass,flying,2,55,45,50,45,65,80,340,1.0,0.6000000000000001,0,0,0,1
189,jumpluff,grass,flying,2,75,55,70,55,95,110,460,3.0,0.8,0,0,0,1
190,aipom,normal,,2,55,70,55,40,55,85,360,11.5,0.8,0,0,0,1
191,sunkern,grass,,2,30,30,30,30,30,30,180,1.8,0.3,0,0,0,1
192,sunflora,grass,,2,75,75,55,105,85,30,425,8.5,0.8,0,0,0,1
193,yanma,bug,flying,2,65,65,45,75,45,95,390,38.0,1.2000000000000002,0,0,0,1
194,wooper,water,ground,2,55,45,45,25,25,15,210,8.5,0.4,0,0,0,1
195,quagsire,water,ground,2,95,85,85,65,65,35,430,75.0,1.4,0,0,0,1
196,espeon,psychic,,2,65,65,60,130,95,110,525,26.5,0.9,0,0,0,1
197,umbreon,dark,,2,95,65,110,60,130,65,525,27.0,1.0,0,0,0,1
198,murkrow,dark,flying,2,60,85,42,85,42,91,405,2.1,0.5,0,0,0,1
199,slowking,water,psychic,2,95,75,80,100,110,30,490,79.5,2.0,0,0,0,1
200,misdreavus,ghost,,2,60,60,60,85,85,85,435,1.0,0.7000000000000001,0,0,0,1
201,unown,psychic,,2,48,72,48,72,48,48,336,5.0,0.5,0,0,0,1
202,wobbuffet,psychic,,2,190,33,58,33,58,33,405,28.5,1.3,0,0,0,1
203,girafarig,normal,psychic,2,70,80,65,90,65,85,455,41.5,1.5,0,0,0,1
204,pineco,bug,,2,50,65,90,35,35,15,290,7.2,0.6000000000000001,0,0,0,1
205,forretress,bug,steel,2,75,90,140,60,60,40,465,125.8,1.2000000000000002,0,0,0,1
206,dunsparce,normal,,2,100,70,70,65,65,45,415,14.0,1.5,0,0,0,1
207,gligar,ground,flying,2,65,75,105,35,65,85,430,64.8,1.1,0,0,0,1
208,steelix,steel,ground,2,75,85,200,55,65,30,510,400.0,9.2,0,0,0,1
209,snubbull,fairy,,2,60,80,50,40,40,30,300,7.800000000000001,0.6000000000000001,0,0,0,1
210,granbull,fairy,,2,90,120,75,60,60,45,450,48.7,1.4,0,0,0,1
211,qwilfish,water,poison,2,65,95,85,55,55,85,440,3.9,0.5,0,0,0,1
212,scizor,bug,steel,2,70,130,100,55,80,65,500,118.0,1.8,0,0,0,1
213,shuckle,bug,rock,2,20,10,230,10,230,5,505,20.5,0.6000000000000001,0,0,0,1
214,heracross,bug,fighting,2,80,125,75,40,95,85,500,54.0,1.5,0,0,0,1
215,sneasel,dark,ice,2,55,95,55,35,75,115,430,28.0,0.9,0,0,0,1
216,teddiursa,normal,,2,60,80,50,50,50,40,330,8.8,0.6000000000000001,0,0,0,1
217,ursaring,normal,,2,90,130,75,75,75,55,500,125.8,1.8,0,0,0,1
218,slugma,fire,,2,40,40,40,70,40,20,250,35.0,0.7000000000000001,0,0,0,1
219,magcargo,fire,rock,2,60,50,120,90,80,30,430,55.0,0.8,0,0,0,1
220,swinub,ice,ground,2,50,50,40,30,30,50,250,6.5,0.4,0,0,0,1
221,piloswine,ice,ground,2,100,100,80,60,60,50,450,55.8,1.1,0,0,0,1
222,corsola,water,rock,2,65,55,95,65,95,35,410,5.0,0.6000000000000001,0,0,0,1
223,remoraid,water,,2,35,65,35,65,35,65,300,12.0,0.6000000000000001,0,0,0,1
224,octillery,water,,2,75,105,75,105,75,45,480,28.5,0.9,0,0,0,1
225,delibird,ice,flying,2,45,55,45,65,45,75,330,16.0,0.9,0,0,0,1
226,mantine,water,flying,2,85,40,70,80,140,70,485,220.0,2.1,0,0,0,1
227,skarmory,steel,flying,2,65,80,140,40,70,70,465,50.5,1.7000000000000002,0,0,0,1
228,houndour,dark,fire,2,45,60,30,80,50,65,330,10.8,0.6000000000000001,0,0,0,1
229,houndoom,dark,fire,2,75,90,50,110,80,95,500,35.0,1.4,0,0,0,1
230,kingdra,water,dragon,2,75,95,95,95,95,85,540,152.0,1.8,0,0,0,1
231,phanpy,ground,,2,90,60,60,40,40,40,330,33.5,0.5,0,0,0,1
232,donphan,ground,,2,90,120,120,60,60,50,500,120.0,1.1,0,0,0,1
233,porygon2,normal,,2,85,80,90,105,95,60,515,32.5,0.6000000000000001,0,0,0,1
234,stantler,normal,,2,73,95,62,85,65,85,465,71.2,1.4,0,0,0,1
235,smeargle,normal,,2,55,20,35,20,45,75,250,58.0,1.2000000000000002,0,0,0,1
236,tyrogue,fighting,,2,35,35,35,35,35,35,210,21.0,0.7000000000000001,0,0,0,1
237,hitmontop,fighting,,2,50,95,95,35,110,70,455,48.0,1.4,0,0,0,1
238,smoochum,ice,psychic,2,45,30,15,85,65,65,305,6.0,0.4,0,0,0,1
239,elekid,electric,,2,45,63,37,65,55,95,360,23.5,0.6000000000000001,0,0,0,1
240,magby,fire,,2,45,75,37,70,55,83,365,21.4,0.7000000000000001,0,0,0,1
241,miltank,normal,,2,95,80,105,40,70,100,490,75.5,1.2000000000000002,0,0,0,1
242,blissey,normal,,2,255,10,10,75,135,55,540,46.8,1.5,0,0,0,1
243,raikou,electric,,2,90,85,75,115,100,115,580,178.0,1.9,1,0,0,0
244,entei,fire,,2,115,115,85,90,75,100,580,198.0,2.1,1,0,0,0
245,suicune,water,,2,100,75,115,90,115,85,580,187.0,2.0,1,0,0,0
246,larvitar,rock,ground,2,50,64,50,45,50,41,300,72.0,0.6000000000000001,0,0,0,1
247,pupitar,rock,ground,2,70,84,70,65,70,51,410,152.0,1.2000000000000002,0,0,0,1
248,tyranitar,rock,dark,2,100,134,110,95,100,61,600,202.0,2.0,0,0,0,1
249,lugia,psychic,flying,2,106,90,130,90,154,110,680,216.0,5.2,1,0,0,0
250,ho-oh,fire,flying,2,106,130,90,110,154,90,680,199.0,3.8,1,0,0,0
251,celebi,psychic,grass,2,100,100,100,100,100,100,600,5.0,0.6000000000000001,0,1,0,0
252,treecko,grass,,3,40,45,35,65,55,70,310,5.0,0.5,0,0,0,1
253,grovyle,grass,,3,50,65,45,85,65,95,405,21.6,0.9,0,0,0,1
254,sceptile,grass,,3,70,85,65,105,85,120,530,52.2,1.7000000000000002,0,0,0,1
255,torchic,fire,,3,45,60,40,70,50,45,310,2.5,0.4,0,0,0,1
256,combusken,fire,fighting,3,60,85,60,85,60,55,405,19.5,0.9,0,0,0,1
257,blaziken,fire,fighting,3,80,120,70,110,70,80,530,52.0,1.9,0,0,0,1
258,mudkip,water,,3,50,70,50,50,50,40,310,7.6,0.4,0,0,0,1
259,marshtomp,water,ground,3,70,85,70,60,70,50,405,28.0,0.7000000000000001,0,0,0,1
260,swampert,water,ground,3,100,110,90,85,90,60,535,81.9,1.5,0,0,0,1
261,poochyena,dark,,3,35,55,35,30,30,35,220,13.6,0.5,0,0,0,1
262,mightyena,dark,,3,70,90,70,60,60,70,420,37.0,1.0,0,0,0,1
263,zigzagoon,normal,,3,38,30,41,30,41,60,240,17.5,0.4,0,0,0,1
264,linoone,normal,,3,78,70,61,50,61,100,420,32.5,0.5,0,0,0,1
265,wurmple,bug,,3,45,45,35,20,30,20,195,3.6,0.3,0,0,0,1
266,silcoon,bug,,3,50,35,55,25,25,15,205,10.0,0.6000000000000001,0,0,0,1
267,beautifly,bug,flying,3,60,70,50,100,50,65,395,28.4,1.0,0,0,0,1
268,cascoon,bug,,3,50,35,55,25,25,15,205,11.5,0.7000000000000001,0,0,0,1
269,dustox,bug,poison,3,60,50,70,50,90,65,385,31.6,1.2000000000000002,0,0,0,1
270,lotad,water,grass,3,40,30,30,40,50,30,220,2.6,0.5,0,0,0,1
271,lombre,water,grass,3,60,50,50,60,70,50,340,32.5,1.2000000000000002,0,0,0,1
272,ludicolo,water,grass,3,80,70,70,90,100,70,480,55.0,1.5,0,0,0,1
273,seedot,grass,,3,40,40,50,30,30,30,220,4.0,0.5,0,0,0,1
274,nuzleaf,grass,dark,3,70,70,40,60,40,60,340,28.0,1.0,0,0,0,1
275,shiftry,grass,dark,3,90,100,60,90,60,80,480,59.6,1.3,0,0,0,1
276,taillow,normal,flying,3,40,55,30,30,30,85,270,2.3000000000000003,0.3,0,0,0,1
277,swellow,normal,flying,3,60,85,60,75,50,125,455,19.8,0.7000000000000001,0,0,0,1
278,wingull,water,flying,3,40,30,30,55,30,85,270,9.5,0.6000000000000001,0,0,0,1
279,pelipper,water,flying,3,60,50,100,95,70,65,440,28.0,1.2000000000000002,0,0,0,1
280,ralts,psychic,fairy,3,28,25,25,45,35,40,198,6.6000000000000005,0.4,0,0,0,1
281,kirlia,psychic,fairy,3,38,35,35,65,55,50,278,20.200000000000003,0.8,0,0,0,1
282,gardevoir,psychic,fairy,3,68,65,65,125,115,80,518,48.400000000000006,1.6,0,0,0,1
283,surskit,bug,water,3,40,30,32,50,52,65,269,1.7000000000000002,0.5,0,0,0,1
284,masquerain,bug,flying,3,70,60,62,100,82,80,454,3.6,0.8,0,0,0,1
285,shroomish,grass,,3,60,40,60,40,60,35,295,4.5,0.4,0,0,0,1
286,breloom,grass,fighting,3,60,130,80,60,60,70,460,39.2,1.2000000000000002,0,0,0,1
287,slakoth,normal,,3,60,60,60,35,35,30,280,24.0,0.8,0,0,0,1
288,vigoroth,normal,,3,80,80,80,55,55,90,440,46.5,1.4,0,0,0,1
289,slaking,normal,,3,150,160,100,95,65,100,670,130.5,2.0,0,0,0,1
290,nincada,bug,ground,3,31,45,90,30,30,40,266,5.5,0.5,0,0,0,1
291,ninjask,bug,flying,3,61,90,45,50,50,160,456,12.0,0.8,0,0,0,1
292,shedinja,bug,ghost,3,1,90,45,30,30,40,236,1.2000000000000002,0.8,0,0,0,1
293,whismur,normal,,3,64,51,23,51,23,28,240,16.3,0.6000000000000001,0,0,0,1
294,loudred,normal,,3,84,71,43,71,43,48,360,40.5,1.0,0,0,0,1
295,exploud,normal,,3,104,91,63,91,73,68,490,84.0,1.5,0,0,0,1
296,makuhita,fighting,,3,72,60,30,20,30,25,237,86.4,1.0,0,0,0,1
297,hariyama,fighting,,3,144,120,60,40,60,50,474,253.8,2.3000000000000003,0,0,0,1
298,azurill,normal,fairy,3,50,20,40,20,40,20,190,2.0,0.2,0,0,0,1
299,nosepass,rock,,3,30,45,135,45,90,30,375,97.0,1.0,0,0,0,1
300,skitty,normal,,3,50,45,45,35,35,50,260,11.0,0.6000000000000001,0,0,0,1
301,delcatty,normal,,3,70,65,65,55,55,90,400,32.6,1.1,0,0,0,1
302,sableye,dark,ghost,3,50,75,75,65,65,50,380,11.0,0.5,0,0,0,1
303,mawile,steel,fairy,3,50,85,85,55,55,50,380,11.5,0.6000000000000001,0,0,0,1
304,aron,steel,rock,3,50,70,100,40,40,30,330,60.0,0.4,0,0,0,1
305,lairon,steel,rock,3,60,90,140,50,50,40,430,120.0,0.9,0,0,0,1
306,aggron,steel,rock,3,70,110,180,60,60,50,530,360.0,2.1,0,0,0,1
307,meditite,fighting,psychic,3,30,40,55,40,55,60,280,11.2,0.6000000000000001,0,0,0,1
308,medicham,fighting,psychic,3,60,60,75,60,75,80,410,31.5,1.3,0,0,0,1
309,electrike,electric,,3,40,45,40,65,40,65,295,15.2,0.6000000000000001,0,0,0,1
310,manectric,electric,,3,70,75,60,105,60,105,475,40.2,1.5,0,0,0,1
311,plusle,electric,,3,60,50,40,85,75,95,405,4.2,0.4,0,0,0,1
312,minun,electric,,3,60,40,50,75,85,95,405,4.2,0.4,0,0,0,1
313,volbeat,bug,,3,65,73,75,47,85,85,430,17.7,0.7000000000000001,0,0,0,1
314,illumise,bug,,3,65,47,75,73,85,85,430,17.7,0.6000000000000001,0,0,0,1
315,roselia,grass,poison,3,50,60,45,100,80,65,400,2.0,0.3,0,0,0,1
316,gulpin,poison,,3,70,43,53,43,53,40,302,10.3,0.4,0,0,0,1
317,swalot,poison,,3,100,73,83,73,83,55,467,80.0,1.7000000000000002,0,0,0,1
318,carvanha,water,dark,3,45,90,20,65,20,65,305,20.8,0.8,0,0,0,1
319,sharpedo,water,dark,3,70,120,40,95,40,95,460,88.80000000000001,1.8,0,0,0,1
320,wailmer,water,,3,130,70,35,70,35,60,400,130.0,2.0,0,0,0,1
321,wailord,water,,3,170,90,45,90,45,60,500,398.0,14.5,0,0,0,1
322,numel,fire,ground,3,60,60,40,65,45,35,305,24.0,0.7000000000000001,0,0,0,1
323,camerupt,fire,ground,3,70,100,70,105,75,40,460,220.0,1.9,0,0,0,1
324,torkoal,fire,,3,70,85,140,85,70,20,470,80.4,0.5,0,0,0,1
325,spoink,psychic,,3,60,25,35,70,80,60,330,30.6,0.7000000000000001,0,0,0,1
326,grumpig,psychic,,3,80,45,65,90,110,80,470,71.5,0.9,0,0,0,1
327,spinda,normal,,3,60,60,60,60,60,60,360,5.0,1.1,0,0,0,1
328,trapinch,ground,,3,45,100,45,45,45,10,290,15.0,0.7000000000000001,0,0,0,1
329,vibrava,ground,dragon,3,50,70,50,50,50,70,340,15.3,1.1,0,0,0,1
330,flygon,ground,dragon,3,80,100,80,80,80,100,520,82.0,2.0,0,0,0,1
331,cacnea,grass,,3,50,85,40,85,40,35,335,51.3,0.4,0,0,0,1
332,cacturne,grass,dark,3,70,115,60,115,60,55,475,77.4,1.3,0,0,0,1
333,swablu,normal,flying,3,45,40,60,40,75,50,310,1.2000000000000002,0.4,0,0,0,1
334,altaria,dragon,flying,3,75,70,90,70,105,80,490,20.6,1.1,0,0,0,1
335,zangoose,normal,,3,73,115,60,60,60,90,458,40.3,1.3,0,0,0,1
336,seviper,poison,,3,73,100,60,100,60,65,458,52.5,2.7,0,0,0,1
337,lunatone,rock,psychic,3,90,55,65,95,85,70,460,168.0,1.0,0,0,0,1
338,solrock,rock,psychic,3,90,95,85,55,65,70,460,154.0,1.2000000000000002,0,0,0,1
339,barboach,water,ground,3,50,48,43,46,41,60,288,1.9,0.4,0,0,0,1
340,whiscash,water,ground,3,110,78,73,76,71,60,468,23.6,0.9,0,0,0,1
341,corphish,water,,3,43,80,65,50,35,35,308,11.5,0.6000000000000001,0,0,0,1
342,crawdaunt,water,dark,3,63,120,85,90,55,55,468,32.800000000000004,1.1,0,0,0,1
343,baltoy,ground,psychic,3,40,40,55,40,70,55,300,21.5,0.5,0,0,0,1
344,claydol,ground,psychic,3,60,70,105,70,120,75,500,108.0,1.5,0,0,0,1
345,lileep,rock,grass,3,66,41,77,61,87,23,355,23.8,1.0,0,0,0,1
346,cradily,rock,grass,3,86,81,97,81,107,43,495,60.400000000000006,1.5,0,0,0,1
347,anorith,rock,bug,3,45,95,50,40,50,75,355,12.5,0.7000000000000001,0,0,0,1
348,armaldo,rock,bug,3,75,125,100,70,80,45,495,68.2,1.5,0,0,0,1
349,feebas,water,,3,20,15,20,10,55,80,200,7.4,0.6000000000000001,0,0,0,1
350,milotic,water,,3,95,60,79,100,125,81,540,162.0,6.2,0,0,0,1
351,castform,normal,,3,70,70,70,70,70,70,420,0.8,0.3,0,0,0,1
352,kecleon,normal,,3,60,90,70,60,120,40,440,22.0,1.0,0,0,0,1
353,shuppet,ghost,,3,44,75,35,63,33,45,295,2.3000000000000003,0.6000000000000001,0,0,0,1
354,banette,ghost,,3,64,115,65,83,63,65,455,12.5,1.1,0,0,0,1
355,duskull,ghost,,3,20,40,90,30,90,25,295,15.0,0.8,0,0,0,1
356,dusclops,ghost,,3,40,70,130,60,130,25,455,30.6,1.6,0,0,0,1
357,tropius,grass,flying,3,99,68,83,72,87,51,460,100.0,2.0,0,0,0,1
358,chimecho,psychic,,3,75,50,80,95,90,65,455,1.0,0.6000000000000001,0,0,0,1
359,absol,dark,,3,65,130,60,75,60,75,465,47.0,1.2000000000000002,0,0,0,1
360,wynaut,psychic,,3,95,23,48,23,48,23,260,14.0,0.6000000000000001,0,0,0,1
361,snorunt,ice,,3,50,50,50,50,50,50,300,16.8,0.7000000000000001,0,0,0,1
362,glalie,ice,,3,80,80,80,80,80,80,480,256.5,1.5,0,0,0,1
363,spheal,ice,water,3,70,40,50,55,50,25,290,39.5,0.8,0,0,0,1
364,sealeo,ice,water,3,90,60,70,75,70,45,410,87.60000000000001,1.1,0,0,0,1
365,walrein,ice,water,3,110,80,90,95,90,65,530,150.6,1.4,0,0,0,1
366,clamperl,water,,3,35,64,85,74,55,32,345,52.5,0.4,0,0,0,1
367,huntail,water,,3,55,104,105,94,75,52,485,27.0,1.7000000000000002,0,0,0,1
368,gorebyss,water,,3,55,84,105,114,75,52,485,22.6,1.8,0,0,0,1
369,relicanth,water,rock,3,100,90,130,45,65,55,485,23.4,1.0,0,0,0,1
370,luvdisc,water,,3,43,30,55,40,65,97,330,8.700000000000001,0.6000000000000001,0,0,0,1
371,bagon,dragon,,3,45,75,60,40,30,50,300,42.1,0.6000000000000001,0,0,0,1
372,shelgon,dragon,,3,65,95,100,60,50,50,420,110.5,1.1,0,0,0,1
373,salamence,dragon,flying,3,95,135,80,110,80,100,600,102.6,1.5,0,0,0,1
374,beldum,steel,psychic,3,40,55,80,35,60,30,300,95.2,0.6000000000000001,0,0,0,1
375,metang,steel,psychic,3,60,75,100,55,80,50,420,202.5,1.2000000000000002,0,0,0,1
376,metagross,steel,psychic,3,80,135,130,95,90,70,600,550.0,1.6,0,0,0,1
377,regirock,rock,,3,80,100,200,50,100,50,580,230.0,1.7000000000000002,1,0,0,0
378,regice,ice,,3,80,50,100,100,200,50,580,175.0,1.8,1,0,0,0
379,registeel,steel,,3,80,75,150,75,150,50,580,205.0,1.9,1,0,0,0
380,latias,dragon,psychic,3,80,80,90,110,130,110,600,40.0,1.4,1,0,0,0
381,latios,dragon,psychic,3,80,90,80,130,110,110,600,60.0,2.0,1,0,0,0
382,kyogre,water,,3,100,100,90,150,140,90,670,352.0,4.5,1,0,0,0
383,groudon,ground,,3,100,150,140,100,90,90,670,950.0,3.5,1,0,0,0
384,rayquaza,dragon,flying,3,105,150,90,150,90,95,680,206.5,7.0,1,0,0,0
385,jirachi,steel,psychic,3,100,100,100,100,100,100,600,1.1,0.3,0,1,0,0
386,deoxys-normal,psychic,,3,50,150,50,150,50,150,600,60.8,1.7000000000000002,0,1,0,0
387,turtwig,grass,,4,55,68,64,45,55,31,318,10.2,0.4,0,0,0,1
388,grotle,grass,,4,75,89,85,55,65,36,405,97.0,1.1,0,0,0,1
389,torterra,grass,ground,4,95,109,105,75,85,56,525,310.0,2.2,0,0,0,1
390,chimchar,fire,,4,44,58,44,58,44,61,309,6.2,0.5,0,0,0,1
391,monferno,fire,fighting,4,64,78,52,78,52,81,405,22.0,0.9,0,0,0,1
392,infernape,fire,fighting,4,76,104,71,104,71,108,534,55.0,1.2000000000000002,0,0,0,1
393,piplup,water,,4,53,51,53,61,56,40,314,5.2,0.4,0,0,0,1
394,prinplup,water,,4,64,66,68,81,76,50,405,23.0,0.8,0,0,0,1
395,empoleon,water,steel,4,84,86,88,111,101,60,530,84.5,1.7000000000000002,0,0,0,1
396,starly,normal,flying,4,40,55,30,30,30,60,245,2.0,0.3,0,0,0,1
397,staravia,normal,flying,4,55,75,50,40,40,80,340,15.5,0.6000000000000001,0,0,0,1
398,staraptor,normal,flying,4,85,120,70,50,60,100,485,24.9,1.2000000000000002,0,0,0,1
399,bidoof,normal,,4,59,45,40,35,40,31,250,20.0,0.5,0,0,0,1
400,bibarel,normal,water,4,79,85,60,55,60,71,410,31.5,1.0,0,0,0,1
401,kricketot,bug,,4,37,25,41,25,41,25,194,2.2,0.3,0,0,0,1
402,kricketune,bug,,4,77,85,51,55,51,65,384,25.5,1.0,0,0,0,1
403,shinx,electric,,4,45,65,34,40,34,45,263,9.5,0.5,0,0,0,1
404,luxio,electric,,4,60,85,49,60,49,60,363,30.5,0.9,0,0,0,1
405,luxray,electric,,4,80,120,79,95,79,70,523,42.0,1.4,0,0,0,1
406,budew,grass,poison,4,40,30,35,50,70,55,280,1.2000000000000002,0.2,0,0,0,1
407,roserade,grass,poison,4,60,70,65,125,105,90,515,14.5,0.9,0,0,0,1
408,cranidos,rock,,4,67,125,40,30,30,58,350,31.5,0.9,0,0,0,1
409,rampardos,rock,,4,97,165,60,65,50,58,495,102.5,1.6,0,0,0,1
410,shieldon,rock,steel,4,30,42,118,42,88,30,350,57.0,0.5,0,0,0,1
411,bastiodon,rock,steel,4,60,52,168,47,138,30,495,149.5,1.3,0,0,0,1
412,burmy,bug,,4,40,29,45,29,45,36,224,3.4000000000000004,0.2,0,0,0,1
413,wormadam-plant,bug,grass,4,60,59,85,79,105,36,424,6.5,0.5,0,0,0,1
414,mothim,bug,flying,4,70,94,50,94,50,66,424,23.3,0.9,0,0,0,1
415,combee,bug,flying,4,30,30,42,30,42,70,244,5.5,0.3,0,0,0,1
416,vespiquen,bug,flying,4,70,80,102,80,102,40,474,38.5,1.2000000000000002,0,0,0,1
417,pachirisu,electric,,4,60,45,70,45,90,95,405,3.9,0.4,0,0,0,1
418,buizel,water,,4,55,65,35,60,30,85,330,29.5,0.7000000000000001,0,0,0,1
419,floatzel,water,,4,85,105,55,85,50,115,495,33.5,1.1,0,0,0,1
420,cherubi,grass,,4,45,35,45,62,53,35,275,3.3000000000000003,0.4,0,0,0,1
421,cherrim,grass,,4,70,60,70,87,78,85,450,9.3,0.5,0,0,0,1
422,shellos,water,,4,76,48,48,57,62,34,325,6.300000000000001,0.3,0,0,0,1
423,gastrodon,water,ground,4,111,83,68,92,82,39,475,29.9,0.9,0,0,0,1
424,ambipom,normal,,4,75,100,66,60,66,115,482,20.3,1.2000000000000002,0,0,0,1
425,drifloon,ghost,flying,4,90,50,34,60,44,70,348,1.2000000000000002,0.4,0,0,0,1
426,drifblim,ghost,flying,4,150,80,44,90,54,80,498,15.0,1.2000000000000002,0,0,0,1
427,buneary,normal,,4,55,66,44,44,56,85,350,5.5,0.4,0,0,0,1
428,lopunny,normal,,4,65,76,84,54,96,105,480,33.300000000000004,1.2000000000000002,0,0,0,1
429,mismagius,ghost,,4,60,60,60,105,105,105,495,4.4,0.9,0,0,0,1
430,honchkrow,dark,flying,4,100,125,52,105,52,71,505,27.3,0.9,0,0,0,1
431,glameow,normal,,4,49,55,42,42,37,85,310,3.9,0.5,0,0,0,1
432,purugly,normal,,4,71,82,64,64,59,112,452,43.8,1.0,0,0,0,1
433,chingling,psychic,,4,45,30,50,65,50,45,285,0.6000000000000001,0.2,0,0,0,1
434,stunky,poison,dark,4,63,63,47,41,41,74,329,19.200000000000003,0.4,0,0,0,1
435,skuntank,poison,dark,4,103,93,67,71,61,84,479,38.0,1.0,0,0,0,1
436,bronzor,steel,psychic,4,57,24,86,24,86,23,300,60.5,0.5,0,0,0,1
437,bronzong,steel,psychic,4,67,89,116,79,116,33,500,187.0,1.3,0,0,0,1
438,bonsly,rock,,4,50,80,95,10,45,10,290,15.0,0.5,0,0,0,1
439,mime-jr,psychic,fairy,4,20,25,45,70,90,60,310,13.0,0.6000000000000001,0,0,0,1
440,happiny,normal,,4,100,5,5,15,65,30,220,24.4,0.6000000000000001,0,0,0,1
441,chatot,normal,flying,4,76,65,45,92,42,91,411,1.9,0.5,0,0,0,1
442,spiritomb,ghost,dark,4,50,92,108,92,108,35,485,108.0,1.0,0,0,0,1
443,gible,dragon,ground,4,58,70,45,40,45,42,300,20.5,0.7000000000000001,0,0,0,1
444,gabite,dragon,ground,4,68,90,65,50,55,82,410,56.0,1.4,0,0,0,1
445,garchomp,dragon,ground,4,108,130,95,80,85,102,600,95.0,1.9,0,0,0,1
446,munchlax,normal,,4,135,85,40,40,85,5,390,105.0,0.6000000000000001,0,0,0,1
447,riolu,fighting,,4,40,70,40,35,40,60,285,20.200000000000003,0.7000000000000001,0,0,0,1
448,lucario,fighting,steel,4,70,110,70,115,70,90,525,54.0,1.2000000000000002,0,0,0,1
449,hippopotas,ground,,4,68,72,78,38,42,32,330,49.5,0.8,0,0,0,1
450,hippowdon,ground,,4,108,112,118,68,72,47,525,300.0,2.0,0,0,0,1
451,skorupi,poison,bug,4,40,50,90,30,55,65,330,12.0,0.8,0,0,0,1
452,drapion,poison,dark,4,70,90,110,60,75,95,500,61.5,1.3,0,0,0,1
453,croagunk,poison,fighting,4,48,61,40,61,40,50,300,23.0,0.7000000000000001,0,0,0,1
454,toxicroak,poison,fighting,4,83,106,65,86,65,85,490,44.400000000000006,1.3,0,0,0,1
455,carnivine,grass,,4,74,100,72,90,72,46,454,27.0,1.4,0,0,0,1
456,finneon,water,,4,49,49,56,49,61,66,330,7.0,0.4,0,0,0,1
457,lumineon,water,,4,69,69,76,69,86,91,460,24.0,1.2000000000000002,0,0,0,1
458,mantyke,water,flying,4,45,20,50,60,120,50,345,65.0,1.0,0,0,0,1
459,snover,grass,ice,4,60,62,50,62,60,40,334,50.5,1.0,0,0,0,1
460,abomasnow,grass,ice,4,90,92,75,92,85,60,494,135.5,2.2,0,0,0,1
461,weavile,dark,ice,4,70,120,65,45,85,125,510,34.0,1.1,0,0,0,1
462,magnezone,electric,steel,4,70,70,115,130,90,60,535,180.0,1.2000000000000002,0,0,0,1
463,lickilicky,normal,,4,110,85,95,80,95,50,515,140.0,1.7000000000000002,0,0,0,1
464,rhyperior,ground,rock,4,115,140,130,55,55,40,535,282.8,2.4000000000000004,0,0,0,1
465,tangrowth,grass,,4,100,100,125,110,50,50,535,128.6,2.0,0,0,0,1
466,electivire,electric,,4,75,123,67,95,85,95,540,138.6,1.8,0,0,0,1
467,magmortar,fire,,4,75,95,67,125,95,83,540,68.0,1.6,0,0,0,1
468,togekiss,fairy,flying,4,85,50,95,120,115,80,545,38.0,1.5,0,0,0,1
469,yanmega,bug,flying,4,86,76,86,116,56,95,515,51.5,1.9,0,0,0,1
470,leafeon,grass,,4,65,110,130,60,65,95,525,25.5,1.0,0,0,0,1
471,glaceon,ice,,4,65,60,110,130,95,65,525,25.9,0.8,0,0,0,1
472,gliscor,ground,flying,4,75,95,125,45,75,95,510,42.5,2.0,0,0,0,1
473,mamoswine,ice,ground,4,110,130,80,70,60,80,530,291.0,2.5,0,0,0,1
474,porygon-z,normal,,4,85,80,70,135,75,90,535,34.0,0.9,0,0,0,1
475,gallade,psychic,fighting,4,68,125,65,65,115,80,518,52.0,1.6,0,0,0,1
476,probopass,rock,steel,4,60,55,145,75,150,40,525,340.0,1.4,0,0,0,1
477,dusknoir,ghost,,4,45,100,135,65,135,45,525,106.6,2.2,0,0,0,1
478,froslass,ice,ghost,4,70,80,70,80,70,110,480,26.6,1.3,0,0,0,1
479,rotom,electric,ghost,4,50,50,77,95,77,91,440,0.3,0.3,0,0,0,1
480,uxie,psychic,,4,75,75,130,75,130,95,580,0.3,0.3,1,0,0,0
481,mesprit,psychic,,4,80,105,105,105,105,80,580,0.3,0.3,1,0,0,0
482,azelf,psychic,,4,75,125,70,125,70,115,580,0.3,0.3,1,0,0,0
483,dialga,steel,dragon,4,100,120,120,150,100,90,680,683.0,5.4,1,0,0,0
484,palkia,water,dragon,4,90,120,100,150,120,100,680,336.0,4.2,1,0,0,0
485,heatran,fire,steel,4,91,90,106,130,106,77,600,430.0,1.7000000000000002,1,0,0,0
486,regigigas,normal,,4,110,160,110,80,110,100,670,420.0,3.7,1,0,0,0
487,giratina-altered,ghost,dragon,4,150,100,120,100,120,90,680,750.0,4.5,1,0,0,0
488,cresselia,psychic,,4,120,70,110,75,120,85,580,85.60000000000001,1.5,1,0,0,0
489,phione,water,,4,80,80,80,80,80,80,480,3.1,0.4,0,1,0,0
490,manaphy,water,,4,100,100,100,100,100,100,600,1.4,0.3,0,1,0,0
491,darkrai,dark,,4,70,90,90,135,90,125,600,50.5,1.5,0,1,0,0
492,shaymin-land,grass,,4,100,100,100,100,100,100,600,2.1,0.2,0,1,0,0
493,arceus,normal,,4,120,120,120,120,120,120,720,320.0,3.2,0,1,0,0
494,victini,psychic,fire,5,100,100,100,100,100,100,600,4.0,0.4,0,1,0,0
495,snivy,grass,,5,45,45,55,45,55,63,308,8.1,0.6000000000000001,0,0,0,1
496,servine,grass,,5,60,60,75,60,75,83,413,16.0,0.8,0,0,0,1
497,serperior,grass,,5,75,75,95,75,95,113,528,63.0,3.3000000000000003,0,0,0,1
498,tepig,fire,,5,65,63,45,45,45,45,308,9.9,0.5,0,0,0,1
499,pignite,fire,fighting,5,90,93,55,70,55,55,418,55.5,1.0,0,0,0,1
500,emboar,fire,fighting,5,110,123,65,100,65,65,528,150.0,1.6,0,0,0,1
501,oshawott,water,,5,55,55,45,63,45,45,308,5.9,0.5,0,0,0,1
502,dewott,water,,5,75,75,60,83,60,60,413,24.5,0.8,0,0,0,1
503,samurott,water,,5,95,100,85,108,70,70,528,94.6,1.5,0,0,0,1
504,patrat,normal,,5,45,55,39,35,39,42,255,11.6,0.5,0,0,0,1
505,watchog,normal,,5,60,85,69,60,69,77,420,27.0,1.1,0,0,0,1
506,lillipup,normal,,5,45,60,45,25,45,55,275,4.1000000000000005,0.4,0,0,0,1
507,herdier,normal,,5,65,80,65,35,65,60,370,14.7,0.9,0,0,0,1
508,stoutland,normal,,5,85,110,90,45,90,80,500,61.0,1.2000000000000002,0,0,0,1
509,purrloin,dark,,5,41,50,37,50,37,66,281,10.1,0.4,0,0,0,1
510,liepard,dark,,5,64,88,50,88,50,106,446,37.5,1.1,0,0,0,1
511,pansage,grass,,5,50,53,48,53,48,64,316,10.5,0.6000000000000001,0,0,0,1
512,simisage,grass,,5,75,98,63,98,63,101,498,30.5,1.1,0,0,0,1
513,pansear,fire,,5,50,53,48,53,48,64,316,11.0,0.6000000000000001,0,0,0,1
514,simisear,fire,,5,75,98,63,98,63,101,498,28.0,1.0,0,0,0,1
515,panpour,water,,5,50,53,48,53,48,64,316,13.5,0.6000000000000001,0,0,0,1
516,simipour,water,,5,75,98,63,98,63,101,498,29.0,1.0,0,0,0,1
517,munna,psychic,,5,76,25,45,67,55,24,292,23.3,0.6000000000000001,0,0,0,1
518,musharna,psychic,,5,116,55,85,107,95,29,487,60.5,1.1,0,0,0,1
519,pidove,normal,flying,5,50,55,50,36,30,43,264,2.1,0.3,0,0,0,1
520,tranquill,normal,flying,5,62,77,62,50,42,65,358,15.0,0.6000000000000001,0,0,0,1
521,unfezant,normal,flying,5,80,115,80,65,55,93,488,29.0,1.2000000000000002,0,0,0,1
522,blitzle,electric,,5,45,60,32,50,32,76,295,29.8,0.8,0,0,0,1
523,zebstrika,electric,,5,75,100,63,80,63,116,497,79.5,1.6,0,0,0,1
524,roggenrola,rock,,5,55,75,85,25,25,15,280,18.0,0.4,0,0,0,1
525,boldore,rock,,5,70,105,105,50,40,20,390,102.0,0.9,0,0,0,1
526,gigalith,rock,,5,85,135,130,60,80,25,515,260.0,1.7000000000000002,0,0,0,1
527,woobat,psychic,flying,5,65,45,43,55,43,72,323,2.1,0.4,0,0,0,1
528,swoobat,psychic,flying,5,67,57,55,77,55,114,425,10.5,0.9,0,0,0,1
529,drilbur,ground,,5,60,85,40,30,45,68,328,8.5,0.3,0,0,0,1
530,excadrill,ground,steel,5,110,135,60,50,65,88,508,40.400000000000006,0.7000000000000001,0,0,0,1
531,audino,normal,,5,103,60,86,60,86,50,445,31.0,1.1,0,0,0,1
532,timburr,fighting,,5,75,80,55,25,35,35,305,12.5,0.6000000000000001,0,0,0,1
533,gurdurr,fighting,,5,85,105,85,40,50,40,405,40.0,1.2000000000000002,0,0,0,1
534,conkeldurr,fighting,,5,105,140,95,55,65,45,505,87.0,1.4,0,0,0,1
535,tympole,water,,5,50,50,40,50,40,64,294,4.5,0.5,0,0,0,1
536,palpitoad,water,ground,5,75,65,55,65,55,69,384,17.0,0.8,0,0,0,1
537,seismitoad,water,ground,5,105,95,75,85,75,74,509,62.0,1.5,0,0,0,1
538,throh,fighting,,5,120,100,85,30,85,45,465,55.5,1.3,0,0,0,1
539,sawk,fighting,,5,75,125,75,30,75,85,465,51.0,1.4,0,0,0,1
540,sewaddle,bug,grass,5,45,53,70,40,60,42,310,2.5,0.3,0,0,0,1
541,swadloon,bug,grass,5,55,63,90,50,80,42,380,7.300000000000001,0.5,0,0,0,1
542,leavanny,bug,grass,5,75,103,80,70,80,92,500,20.5,1.2000000000000002,0,0,0,1
543,venipede,bug,poison,5,30,45,59,30,39,57,260,5.300000000000001,0.4,0,0,0,1
544,whirlipede,bug,poison,5,40,55,99,40,79,47,360,58.5,1.2000000000000002,0,0,0,1
545,scolipede,bug,poison,5,60,100,89,55,69,112,485,200.5,2.5,0,0,0,1
546,cottonee,grass,fairy,5,40,27,60,37,50,66,280,0.6000000000000001,0.3,0,0,0,1
547,whimsicott,grass,fairy,5,60,67,85,77,75,116,480,6.6000000000000005,0.7000000000000001,0,0,0,1
548,petilil,grass,,5,45,35,50,70,50,30,280,6.6000000000000005,0.5,0,0,0,1
549,lilligant,grass,,5,70,60,75,110,75,90,480,16.3,1.1,0,0,0,1
550,basculin-red-striped,water,,5,70,92,65,80,55,98,460,18.0,1.0,0,0,0,1
551,sandile,ground,dark,5,50,72,35,35,35,65,292,15.2,0.7000000000000001,0,0,0,1
552,krokorok,ground,dark,5,60,82,45,45,45,74,351,33.4,1.0,0,0,0,1
553,krookodile,ground,dark,5,95,117,80,65,70,92,519,96.3,1.5,0,0,0,1
554,darumaka,fire,,5,70,90,45,15,45,50,315,37.5,0.6000000000000001,0,0,0,1
555,darmanitan-standard,fire,,5,105,140,55,30,55,95,480,92.9,1.3,0,0,0,1
556,maractus,grass,,5,75,86,67,106,67,60,461,28.0,1.0,0,0,0,1
557,dwebble,bug,rock,5,50,65,85,35,35,55,325,14.5,0.3,0,0,0,1
558,crustle,bug,rock,5,70,105,125,65,75,45,485,200.0,1.4,0,0,0,1
559,scraggy,dark,fighting,5,50,75,70,35,70,48,348,11.8,0.6000000000000001,0,0,0,1
560,scrafty,dark,fighting,5,65,90,115,45,115,58,488,30.0,1.1,0,0,0,1
561,sigilyph,psychic,flying,5,72,58,80,103,80,97,490,14.0,1.4,0,0,0,1
562,yamask,ghost,,5,38,30,85,55,65,30,303,1.5,0.5,0,0,0,1
563,cofagrigus,ghost,,5,58,50,145,95,105,30,483,76.5,1.7000000000000002,0,0,0,1
564,tirtouga,water,rock,5,54,78,103,53,45,22,355,16.5,0.7000000000000001,0,0,0,1
565,carracosta,water,rock,5,74,108,133,83,65,32,495,81.0,1.2000000000000002,0,0,0,1
566,archen,rock,flying,5,55,112,45,74,45,70,401,9.5,0.5,0,0,0,1
567,archeops,rock,flying,5,75,140,65,112,65,110,567,32.0,1.4,0,0,0,1
568,trubbish,poison,,5,50,50,62,40,62,65,329,31.0,0.6000000000000001,0,0,0,1
569,garbodor,poison,,5,80,95,82,60,82,75,474,107.3,1.9,0,0,0,1
570,zorua,dark,,5,40,65,40,80,40,65,330,12.5,0.7000000000000001,0,0,0,1
571,zoroark,dark,,5,60,105,60,120,60,105,510,81.10000000000001,1.6,0,0,0,1
572,minccino,normal,,5,55,50,40,40,40,75,300,5.800000000000001,0.4,0,0,0,1
573,cinccino,normal,,5,75,95,60,65,60,115,470,7.5,0.5,0,0,0,1
574,gothita,psychic,,5,45,30,50,55,65,45,290,5.800000000000001,0.4,0,0,0,1
575,gothorita,psychic,,5,60,45,70,75,85,55,390,18.0,0.7000000000000001,0,0,0,1
576,gothitelle,psychic,,5,70,55,95,95,110,65,490,44.0,1.5,0,0,0,1
577,solosis,psychic,,5,45,30,40,105,50,20,290,1.0,0.3,0,0,0,1
578,duosion,psychic,,5,65,40,50,125,60,30,370,8.0,0.6000000000000001,0,0,0,1
579,reuniclus,psychic,,5,110,65,75,125,85,30,490,20.1,1.0,0,0,0,1
580,ducklett,water,flying,5,62,44,50,44,50,55,305,5.5,0.5,0,0,0,1
581,swanna,water,flying,5,75,87,63,87,63,98,473,24.200000000000003,1.3,0,0,0,1
582,vanillite,ice,,5,36,50,50,65,60,44,305,5.7,0.4,0,0,0,1
583,vanillish,ice,,5,51,65,65,80,75,59,395,41.0,1.1,0,0,0,1
584,vanilluxe,ice,,5,71,95,85,110,95,79,535,57.5,1.3,0,0,0,1
585,deerling,normal,grass,5,60,60,50,40,50,75,335,19.5,0.6000000000000001,0,0,0,1
586,sawsbuck,normal,grass,5,80,100,70,60,70,95,475,92.5,1.9,0,0,0,1
587,emolga,electric,flying,5,55,75,60,75,60,103,428,5.0,0.4,0,0,0,1
588,karrablast,bug,,5,50,75,45,40,45,60,315,5.9,0.5,0,0,0,1
589,escavalier,bug,steel,5,70,135,105,60,105,20,495,33.0,1.0,0,0,0,1
590,foongus,grass,poison,5,69,55,45,55,55,15,294,1.0,0.2,0,0,0,1
591,amoonguss,grass,poison,5,114,85,70,85,80,30,464,10.5,0.6000000000000001,0,0,0,1
592,frillish-male,water,ghost,5,55,40,50,65,85,40,335,33.0,1.2000000000000002,0,0,0,1
593,jellicent-male,water,ghost,5,100,60,70,85,105,60,480,135.0,2.2,0,0,0,1
594,alomomola,water,,5,165,75,80,40,45,65,470,31.6,1.2000000000000002,0,0,0,1
595,joltik,bug,electric,5,50,47,50,57,50,65,319,0.6000000000000001,0.1,0,0,0,1
596,galvantula,bug,electric,5,70,77,60,97,60,108,472,14.3,0.8,0,0,0,1
597,ferroseed,grass,steel,5,44,50,91,24,86,10,305,18.8,0.6000000000000001,0,0,0,1
598,ferrothorn,grass,steel,5,74,94,131,54,116,20,489,110.0,1.0,0,0,0,1
599,klink,steel,,5,40,55,70,45,60,30,300,21.0,0.3,0,0,0,1
600,klang,steel,,5,60,80,95,70,85,50,440,51.0,0.6000000000000001,0,0,0,1
601,klinklang,steel,,5,60,100,115,70,85,90,520,81.0,0.6000000000000001,0,0,0,1
602,tynamo,electric,,5,35,55,40,45,40,60,275,0.3,0.2,0,0,0,1
603,eelektrik,electric,,5,65,85,70,75,70,40,405,22.0,1.2000000000000002,0,0,0,1
604,eelektross,electric,,5,85,115,80,105,80,50,515,80.5,2.1,0,0,0,1
605,elgyem,psychic,,5,55,55,55,85,55,30,335,9.0,0.5,0,0,0,1
606,beheeyem,psychic,,5,75,75,75,125,95,40,485,34.5,1.0,0,0,0,1
607,litwick,ghost,fire,5,50,30,55,65,55,20,275,3.1,0.3,0,0,0,1
608,lampent,ghost,fire,5,60,40,60,95,60,55,370,13.0,0.6000000000000001,0,0,0,1
609,chandelure,ghost,fire,5,60,55,90,145,90,80,520,34.300000000000004,1.0,0,0,0,1
610,axew,dragon,,5,46,87,60,30,40,57,320,18.0,0.6000000000000001,0,0,0,1
611,fraxure,dragon,,5,66,117,70,40,50,67,410,36.0,1.0,0,0,0,1
612,haxorus,dragon,,5,76,147,90,60,70,97,540,105.5,1.8,0,0,0,1
613,cubchoo,ice,,5,55,70,40,60,40,40,305,8.5,0.5,0,0,0,1
614,beartic,ice,,5,95,130,80,70,80,50,505,260.0,2.6,0,0,0,1
615,cryogonal,ice,,5,80,50,50,95,135,105,515,148.0,1.1,0,0,0,1
616,shelmet,bug,,5,50,40,85,40,65,25,305,7.7,0.4,0,0,0,1
617,accelgor,bug,,5,80,70,40,100,60,145,495,25.3,0.8,0,0,0,1
618,stunfisk,ground,electric,5,109,66,84,81,99,32,471,11.0,0.7000000000000001,0,0,0,1
619,mienfoo,fighting,,5,45,85,50,55,50,65,350,20.0,0.9,0,0,0,1
620,mienshao,fighting,,5,65,125,60,95,60,105,510,35.5,1.4,0,0,0,1
621,druddigon,dragon,,5,77,120,90,60,90,48,485,139.0,1.6,0,0,0,1
622,golett,ground,ghost,5,59,74,50,35,50,35,303,92.0,1.0,0,0,0,1
623,golurk,ground,ghost,5,89,124,80,55,80,55,483,330.0,2.8000000000000003,0,0,0,1
624,pawniard,dark,steel,5,45,85,70,40,40,60,340,10.2,0.5,0,0,0,1
625,bisharp,dark,steel,5,65,125,100,60,70,70,490,70.0,1.6,0,0,0,1
626,bouffalant,normal,,5,95,110,95,40,95,55,490,94.6,1.6,0,0,0,1
627,rufflet,normal,flying,5,70,83,50,37,50,60,350,10.5,0.5,0,0,0,1
628,braviary,normal,flying,5,100,123,75,57,75,80,510,41.0,1.5,0,0,0,1
629,vullaby,dark,flying,5,70,55,75,45,65,60,370,9.0,0.5,0,0,0,1
630,mandibuzz,dark,flying,5,110,65,105,55,95,80,510,39.5,1.2000000000000002,0,0,0,1
631,heatmor,fire,,5,85,97,66,105,66,65,484,58.0,1.4,0,0,0,1
632,durant,bug,steel,5,58,109,112,48,48,109,484,33.0,0.3,0,0,0,1
633,deino,dark,dragon,5,52,65,50,45,50,38,300,17.3,0.8,0,0,0,1
634,zweilous,dark,dragon,5,72,85,70,65,70,58,420,50.0,1.4,0,0,0,1
635,hydreigon,dark,dragon,5,92,105,90,125,90,98,600,160.0,1.8,0,0,0,1
636,larvesta,bug,fire,5,55,85,55,50,55,60,360,28.8,1.1,0,0,0,1
637,volcarona,bug,fire,5,85,60,65,135,105,100,550,46.0,1.6,0,0,0,1
638,cobalion,steel,fighting,5,91,90,129,90,72,108,580,250.0,2.1,1,0,0,0
639,terrakion,rock,fighting,5,91,129,90,72,90,108,580,260.0,1.9,1,0,0,0
640,virizion,grass,fighting,5,91,90,72,90,129,108,580,200.0,2.0,1,0,0,0
641,tornadus-incarnate,flying,,5,79,115,70,125,80,111,580,63.0,1.5,1,0,0,0
642,thundurus-incarnate,electric,flying,5,79,115,70,125,80,111,580,61.0,1.5,1,0,0,0
643,reshiram,dragon,fire,5,100,120,100,150,120,90,680,330.0,3.2,1,0,0,0
644,zekrom,dragon,electric,5,100,150,120,120,100,90,680,345.0,2.9000000000000004,1,0,0,0
645,landorus-incarnate,ground,flying,5,89,125,90,115,80,101,600,68.0,1.5,1,0,0,0
646,kyurem,dragon,ice,5,125,130,90,130,90,95,660,325.0,3.0,1,0,0,0
647,keldeo-ordinary,water,fighting,5,91,72,90,129,90,108,580,48.5,1.4,0,1,0,0
648,meloetta-aria,normal,psychic,5,100,77,77,128,128,90,600,6.5,0.6000000000000001,0,1,0,0
649,genesect,bug,steel,5,71,120,95,120,95,99,600,82.5,1.5,0,1,0,0
650,chespin,grass,,6,56,61,65,48,45,38,313,9.0,0.4,0,0,0,1
651,quilladin,grass,,6,61,78,95,56,58,57,405,29.0,0.7000000000000001,0,0,0,1
652,chesnaught,grass,fighting,6,88,107,122,74,75,64,530,90.0,1.6,0,0,0,1
653,fennekin,fire,,6,40,45,40,62,60,60,307,9.4,0.4,0,0,0,1
654,braixen,fire,,6,59,59,58,90,70,73,409,14.5,1.0,0,0,0,1
655,delphox,fire,psychic,6,75,69,72,114,100,104,534,39.0,1.5,0,0,0,1
656,froakie,water,,6,41,56,40,62,44,71,314,7.0,0.3,0,0,0,1
657,frogadier,water,,6,54,63,52,83,56,97,405,10.9,0.6000000000000001,0,0,0,1
658,greninja,water,dark,6,72,95,67,103,71,122,530,40.0,1.5,0,0,0,1
659,bunnelby,normal,,6,38,36,38,32,36,57,237,5.0,0.4,0,0,0,1
660,diggersby,normal,ground,6,85,56,77,50,77,78,423,42.400000000000006,1.0,0,0,0,1
661,fletchling,normal,flying,6,45,50,43,40,38,62,278,1.7000000000000002,0.3,0,0,0,1
662,fletchinder,fire,flying,6,62,73,55,56,52,84,382,16.0,0.7000000000000001,0,0,0,1
663,talonflame,fire,flying,6,78,81,71,74,69,126,499,24.5,1.2000000000000002,0,0,0,1
664,scatterbug,bug,,6,38,35,40,27,25,35,200,2.5,0.3,0,0,0,1
665,spewpa,bug,,6,45,22,60,27,30,29,213,8.4,0.3,0,0,0,1
666,vivillon,bug,flying,6,80,52,50,90,50,89,411,17.0,1.2000000000000002,0,0,0,1
667,litleo,fire,normal,6,62,50,58,73,54,72,369,13.5,0.6000000000000001,0,0,0,1
668,pyroar-male,fire,normal,6,86,68,72,109,66,106,507,81.5,1.5,0,0,0,1
669,flabebe,fairy,,6,44,38,39,61,79,42,303,0.1,0.1,0,0,0,1
670,floette,fairy,,6,54,45,47,75,98,52,371,0.9,0.2,0,0,0,1
671,florges,fairy,,6,78,65,68,112,154,75,552,10.0,1.1,0,0,0,1
672,skiddo,grass,,6,66,65,48,62,57,52,350,31.0,0.9,0,0,0,1
673,gogoat,grass,,6,123,100,62,97,81,68,531,91.0,1.7000000000000002,0,0,0,1
674,pancham,fighting,,6,67,82,62,46,48,43,348,8.0,0.6000000000000001,0,0,0,1
675,pangoro,fighting,dark,6,95,124,78,69,71,58,495,136.0,2.1,0,0,0,1
676,furfrou,normal,,6,75,80,60,65,90,102,472,28.0,1.2000000000000002,0,0,0,1
677,espurr,psychic,,6,62,48,54,63,60,68,355,3.5,0.3,0,0,0,1
678,meowstic-male,psychic,,6,74,48,76,83,81,104,466,8.5,0.6000000000000001,0,0,0,1
679,honedge,steel,ghost,6,45,80,100,35,37,28,325,2.0,0.8,0,0,0,1
680,doublade,steel,ghost,6,59,110,150,45,49,35,448,4.5,0.8,0,0,0,1
681,aegislash-shield,steel,ghost,6,60,50,140,50,140,60,500,53.0,1.7000000000000002,0,0,0,1
682,spritzee,fairy,,6,78,52,60,63,65,23,341,0.5,0.2,0,0,0,1
683,aromatisse,fairy,,6,101,72,72,99,89,29,462,15.5,0.8,0,0,0,1
684,swirlix,fairy,,6,62,48,66,59,57,49,341,3.5,0.4,0,0,0,1
685,slurpuff,fairy,,6,82,80,86,85,75,72,480,5.0,0.8,0,0,0,1
686,inkay,dark,psychic,6,53,54,53,37,46,45,288,3.5,0.4,0,0,0,1
687,malamar,dark,psychic,6,86,92,88,68,75,73,482,47.0,1.5,0,0,0,1
688,binacle,rock,water,6,42,52,67,39,56,50,306,31.0,0.5,0,0,0,1
689,barbaracle,rock,water,6,72,105,115,54,86,68,500,96.0,1.3,0,0,0,1
690,skrelp,poison,water,6,50,60,60,60,60,30,320,7.300000000000001,0.5,0,0,0,1
691,dragalge,poison,dragon,6,65,75,90,97,123,44,494,81.5,1.8,0,0,0,1
692,clauncher,water,,6,50,53,62,58,63,44,330,8.3,0.5,0,0,0,1
693,clawitzer,water,,6,71,73,88,120,89,59,500,35.300000000000004,1.3,0,0,0,1
694,helioptile,electric,normal,6,44,38,33,61,43,70,289,6.0,0.5,0,0,0,1
695,heliolisk,electric,normal,6,62,55,52,109,94,109,481,21.0,1.0,0,0,0,1
696,tyrunt,rock,dragon,6,58,89,77,45,45,48,362,26.0,0.8,0,0,0,1
697,tyrantrum,rock,dragon,6,82,121,119,69,59,71,521,270.0,2.5,0,0,0,1
698,amaura,rock,ice,6,77,59,50,67,63,46,362,25.200000000000003,1.3,0,0,0,1
699,aurorus,rock,ice,6,123,77,72,99,92,58,521,225.0,2.7,0,0,0,1
700,sylveon,fairy,,6,95,65,65,110,130,60,525,23.5,1.0,0,0,0,1
701,hawlucha,fighting,flying,6,78,92,75,74,63,118,500,21.5,0.8,0,0,0,1
702,dedenne,electric,fairy,6,67,58,57,81,67,101,431,2.2,0.2,0,0,0,1
703,carbink,rock,fairy,6,50,50,150,50,150,50,500,5.7,0.3,0,0,0,1
704,goomy,dragon,,6,45,50,35,55,75,40,300,2.8000000000000003,0.3,0,0,0,1
705,sliggoo,dragon,,6,68,75,53,83,113,60,452,17.5,0.8,0,0,0,1
706,goodra,dragon,,6,90,100,70,110,150,80,600,150.5,2.0,0,0,0,1
707,klefki,steel,fairy,6,57,80,91,80,87,75,470,3.0,0.2,0,0,0,1
708,phantump,ghost,grass,6,43,70,48,50,60,38,309,7.0,0.4,0,0,0,1
709,trevenant,ghost,grass,6,85,110,76,65,82,56,474,71.0,1.5,0,0,0,1
710,pumpkaboo-average,ghost,grass,6,49,66,70,44,55,51,335,5.0,0.4,0,0,0,1
711,gourgeist-average,ghost,grass,6,65,90,122,58,75,84,494,12.5,0.9,0,0,0,1
712,bergmite,ice,,6,55,69,85,32,35,28,304,99.5,1.0,0,0,0,1
713,avalugg,ice,,6,95,117,184,44,46,28,514,505.0,2.0,0,0,0,1
714,noibat,flying,dragon,6,40,30,35,45,40,55,245,8.0,0.5,0,0,0,1
715,noivern,flying,dragon,6,85,70,80,97,80,123,535,85.0,1.5,0,0,0,1
716,xerneas,fairy,,6,126,131,95,131,98,99,680,215.0,3.0,1,0,0,0
717,yveltal,dark,flying,6,126,131,95,131,98,99,680,203.0,5.800000000000001,1,0,0,0
718,zygarde-50,dragon,ground,6,108,100,121,81,95,95,600,305.0,5.0,1,0,0,0
719,diancie,rock,fairy,6,50,100,150,100,150,50,600,8.8,0.7000000000000001,0,1,0,0
720,hoopa,psychic,ghost,6,80,110,60,150,130,70,600,9.0,0.5,0,1,0,0
721,volcanion,fire,water,6,80,110,120,130,90,70,600,195.0,1.7000000000000002,0,1,0,0
722,rowlet,grass,flying,7,68,55,55,50,50,42,320,1.5,0.3,0,0,0,1
723,dartrix,grass,flying,7,78,75,75,70,70,52,420,16.0,0.7000000000000001,0,0,0,1
724,decidueye,grass,ghost,7,78,107,75,100,100,70,530,36.6,1.6,0,0,0,1
725,litten,fire,,7,45,65,40,60,40,70,320,4.3,0.4,0,0,0,1
726,torracat,fire,,7,65,85,50,80,50,90,420,25.0,0.7000000000000001,0,0,0,1
727,incineroar,fire,dark,7,95,115,90,80,90,60,530,83.0,1.8,0,0,0,1
728,popplio,water,,7,50,54,54,66,56,40,320,7.5,0.4,0,0,0,1
729,brionne,water,,7,60,69,69,91,81,50,420,17.5,0.6000000000000001,0,0,0,1
730,primarina,water,fairy,7,80,74,74,126,116,60,530,44.0,1.8,0,0,0,1
731,pikipek,normal,flying,7,35,75,30,30,30,65,265,1.2000000000000002,0.3,0,0,0,1
732,trumbeak,normal,flying,7,55,85,50,40,50,75,355,14.8,0.6000000000000001,0,0,0,1
733,toucannon,normal,flying,7,80,120,75,75,75,60,485,26.0,1.1,0,0,0,1
734,yungoos,normal,,7,48,70,30,30,30,45,253,6.0,0.4,0,0,0,1
735,gumshoos,normal,,7,88,110,60,55,60,45,418,14.2,0.7000000000000001,0,0,0,1
736,grubbin,bug,,7,47,62,45,55,45,46,300,4.4,0.4,0,0,0,1
737,charjabug,bug,electric,7,57,82,95,55,75,36,400,10.5,0.5,0,0,0,1
738,vikavolt,bug,electric,7,77,70,90,145,75,43,500,45.0,1.5,0,0,0,1
739,crabrawler,fighting,,7,47,82,57,42,47,63,338,7.0,0.6000000000000001,0,0,0,1
740,crabominable,fighting,ice,7,97,132,77,62,67,43,478,180.0,1.7000000000000002,0,0,0,1
741,oricorio-baile,fire,flying,7,75,70,70,98,70,93,476,3.4000000000000004,0.6000000000000001,0,0,0,1
742,cutiefly,bug,fairy,7,40,45,40,55,40,84,304,0.2,0.1,0,0,0,1
743,ribombee,bug,fairy,7,60,55,60,95,70,124,464,0.5,0.2,0,0,0,1
744,rockruff,rock,,7,45,65,40,30,40,60,280,9.2,0.5,0,0,0,1
745,lycanroc-midday,rock,,7,75,115,65,55,65,112,487,25.0,0.8,0,0,0,1
746,wishiwashi-solo,water,,7,45,20,20,25,25,40,175,0.3,0.2,0,0,0,1
747,mareanie,poison,water,7,50,53,62,43,52,45,305,8.0,0.4,0,0,0,1
748,toxapex,poison,water,7,50,63,152,53,142,35,495,14.5,0.7000000000000001,0,0,0,1
749,mudbray,ground,,7,70,100,70,45,55,45,385,110.0,1.0,0,0,0,1
750,mudsdale,ground,,7,100,125,100,55,85,35,500,920.0,2.5,0,0,0,1
751,dewpider,water,bug,7,38,40,52,40,72,27,269,4.0,0.3,0,0,0,1
752,araquanid,water,bug,7,68,70,92,50,132,42,454,82.0,1.8,0,0,0,1
753,fomantis,grass,,7,40,55,35,50,35,35,250,1.5,0.3,0,0,0,1
754,lurantis,grass,,7,70,105,90,80,90,45,480,18.5,0.9,0,0,0,1
755,morelull,grass,fairy,7,40,35,55,65,75,15,285,1.5,0.2,0,0,0,1
756,shiinotic,grass,fairy,7,60,45,80,90,100,30,405,11.5,1.0,0,0,0,1
757,salandit,poison,fire,7,48,44,40,71,40,77,320,4.800000000000001,0.6000000000000001,0,0,0,1
758,salazzle,poison,fire,7,68,64,60,111,60,117,480,22.200000000000003,1.2000000000000002,0,0,0,1
759,stufful,normal,fighting,7,70,75,50,45,50,50,340,6.800000000000001,0.5,0,0,0,1
760,bewear,normal,fighting,7,120,125,80,55,60,60,500,135.0,2.1,0,0,0,1
761,bounsweet,grass,,7,42,30,38,30,38,32,210,3.2,0.3,0,0,0,1
762,steenee,grass,,7,52,40,48,40,48,62,290,8.200000000000001,0.7000000000000001,0,0,0,1
763,tsareena,grass,,7,72,120,98,50,98,72,510,21.4,1.2000000000000002,0,0,0,1
764,comfey,fairy,,7,51,52,90,82,110,100,485,0.3,0.1,0,0,0,1
765,oranguru,normal,psychic,7,90,60,80,90,110,60,490,76.0,1.5,0,0,0,1
766,passimian,fighting,,7,100,120,90,40,60,80,490,82.80000000000001,2.0,0,0,0,1
767,wimpod,bug,water,7,25,35,40,20,30,80,230,12.0,0.5,0,0,0,1
768,golisopod,bug,water,7,75,125,140,60,90,40,530,108.0,2.0,0,0,0,1
769,sandygast,ghost,ground,7,55,55,80,70,45,15,320,70.0,0.5,0,0,0,1
770,palossand,ghost,ground,7,85,75,110,100,75,35,480,250.0,1.3,0,0,0,1
771,pyukumuku,water,,7,55,60,130,30,130,5,410,1.2000000000000002,0.3,0,0,0,1
772,type-null,normal,,7,95,95,95,95,95,59,534,120.5,1.9,0,0,0,1
773,silvally,normal,,7,95,95,95,95,95,95,570,100.5,2.3000000000000003,0,0,0,1
774,minior-red-meteor,rock,flying,7,60,60,100,60,100,60,440,40.0,0.3,0,0,0,1
775,komala,normal,,7,65,115,65,75,95,65,480,19.9,0.4,0,0,0,1
776,turtonator,fire,dragon,7,60,78,135,91,85,36,485,212.0,2.0,0,0,0,1
777,togedemaru,electric,steel,7,65,98,63,40,73,96,435,3.3000000000000003,0.3,0,0,0,1
778,mimikyu-disguised,ghost,fairy,7,55,90,80,50,105,96,476,0.7000000000000001,0.2,0,0,0,1
779,bruxish,water,psychic,7,68,105,70,70,70,92,475,19.0,0.9,0,0,0,1
780,drampa,normal,dragon,7,78,60,85,135,91,36,485,185.0,3.0,0,0,0,1
781,dhelmise,ghost,grass,7,70,131,100,86,90,40,517,210.0,3.9,0,0,0,1
782,jangmo-o,dragon,,7,45,55,65,45,45,45,300,29.700000000000003,0.6000000000000001,0,0,0,1
783,hakamo-o,dragon,fighting,7,55,75,90,65,70,65,420,47.0,1.2000000000000002,0,0,0,1
784,kommo-o,dragon,fighting,7,75,110,125,100,105,85,600,78.2,1.6,0,0,0,1
785,tapu-koko,electric,fairy,7,70,115,85,95,75,130,570,20.5,1.8,1,0,0,0
786,tapu-lele,psychic,fairy,7,70,85,75,130,115,95,570,18.6,1.2000000000000002,1,0,0,0
787,tapu-bulu,grass,fairy,7,70,130,115,85,95,75,570,45.5,1.9,1,0,0,0
788,tapu-fini,water,fairy,7,70,75,115,95,130,85,570,21.200000000000003,1.3,0,0,0,1
789,cosmog,psychic,,7,43,29,31,29,31,37,200,0.1,0.2,0,0,0,1
790,cosmoem,psychic,,7,43,29,131,29,131,37,400,999.9,0.1,0,0,0,1
791,solgaleo,psychic,steel,7,137,137,107,113,89,97,680,230.0,3.4000000000000004,1,0,0,0
792,lunala,psychic,ghost,7,137,113,89,137,107,97,680,120.0,4.0,1,0,0,0
793,nihilego,rock,poison,7,109,53,47,127,131,103,570,55.5,1.2000000000000002,0,0,1,0
794,buzzwole,bug,fighting,7,107,139,139,53,53,79,570,333.6,2.4000000000000004,0,0,1,0
795,pheromosa,bug,fighting,7,71,137,37,137,37,151,570,25.0,1.8,0,0,1,0
796,xurkitree,electric,,7,83,89,71,173,71,83,570,100.0,3.8,0,0,1,0
797,celesteela,steel,flying,7,97,101,103,107,101,61,570,999.9,9.2,0,0,1,0
798,kartana,grass,steel,7,59,181,131,59,31,109,570,0.1,0.3,0,0,1,0
799,guzzlord,dark,dragon,7,223,101,53,97,53,43,570,888.0,5.5,0,0,1,0
800,necrozma,psychic,,7,97,107,101,127,89,79,600,230.0,2.4000000000000004,0,0,0,1
801,magearna,steel,fairy,7,80,95,115,130,115,65,600,80.5,1.0,0,1,0,0
802,marshadow,fighting,ghost,7,90,125,80,90,90,125,600,22.200000000000003,0.7000000000000001,0,1,0,0
803,poipole,poison,,7,67,73,67,73,67,73,420,1.8,0.6000000000000001,0,0,0,1
804,naganadel,poison,dragon,7,73,73,73,127,73,121,540,150.0,3.6,0,0,0,1
805,stakataka,rock,steel,7,61,131,211,53,101,13,570,820.0,5.5,0,0,0,1
806,blacephalon,fire,ghost,7,53,127,53,151,79,107,570,13.0,1.8,0,0,0,1
807,zeraora,electric,,7,88,112,75,102,80,143,600,44.5,1.5,0,1,0,0
808,meltan,steel,,7,46,65,65,55,35,34,300,8.0,0.2,0,1,0,0
809,melmetal,steel,,7,135,143,143,80,65,34,600,800.0,2.5,0,1,0,0
810,grookey,grass,,8,50,65,50,40,40,65,310,5.0,0.3,0,0,0,1
811,thwackey,grass,,8,70,85,70,55,60,80,420,14.0,0.7000000000000001,0,0,0,1
812,rillaboom,grass,,8,100,125,90,60,70,85,530,90.0,2.1,0,0,0,1
813,scorbunny,fire,,8,50,71,40,40,40,69,310,4.5,0.3,0,0,0,1
814,raboot,fire,,8,65,86,60,55,60,94,420,9.0,0.6000000000000001,0,0,0,1
815,cinderace,fire,,8,80,116,75,65,75,119,530,33.0,1.4,0,0,0,1
816,sobble,water,,8,50,40,40,70,40,70,310,4.0,0.3,0,0,0,1
817,drizzile,water,,8,65,60,55,95,55,90,420,11.5,0.7000000000000001,0,0,0,1
818,inteleon,water,,8,70,85,65,125,65,120,530,45.2,1.9,0,0,0,1
819,skwovet,normal,,8,70,55,55,35,35,25,275,2.5,0.3,0,0,0,1
820,greedent,normal,,8,120,95,95,55,75,20,460,6.0,0.6000000000000001,0,0,0,1
821,rookidee,flying,,8,38,47,35,33,35,57,245,1.8,0.2,0,0,0,1
822,corvisquire,flying,,8,68,67,55,43,55,77,365,16.0,0.8,0,0,0,1
823,corviknight,flying,steel,8,98,87,105,53,85,67,495,75.0,2.2,0,0,0,1
824,blipbug,bug,,8,25,20,20,25,45,45,180,8.0,0.4,0,0,0,1
825,dottler,bug,psychic,8,50,35,80,50,90,30,335,19.5,0.4,0,0,0,1
826,orbeetle,bug,psychic,8,60,45,110,80,120,90,505,40.8,0.4,0,0,0,1
827,nickit,dark,,8,40,28,28,47,52,50,245,8.9,0.6000000000000001,0,0,0,1
828,thievul,dark,,8,70,58,58,87,92,90,455,19.9,1.2000000000000002,0,0,0,1
829,gossifleur,grass,,8,40,40,60,40,60,10,250,2.2,0.4,0,0,0,1
830,eldegoss,grass,,8,60,50,90,80,120,60,460,2.5,0.5,0,0,0,1
831,wooloo,normal,,8,42,40,55,40,45,48,270,6.0,0.6000000000000001,0,0,0,1
832,dubwool,normal,,8,72,80,100,60,90,88,490,43.0,1.3,0,0,0,1
833,chewtle,water,,8,50,64,50,38,38,44,284,8.5,0.3,0,0,0,1
834,drednaw,water,rock,8,90,115,90,48,68,74,485,115.5,1.0,0,0,0,1
835,yamper,electric,,8,59,45,50,40,50,26,270,13.5,0.3,0,0,0,1
836,boltund,electric,,8,69,90,60,90,60,121,490,34.0,1.0,0,0,0,1
837,rolycoly,rock,,8,30,40,50,40,50,30,240,12.0,0.3,0,0,0,1
838,carkol,rock,fire,8,80,60,90,60,70,50,410,78.0,1.1,0,0,0,1
839,coalossal,rock,fire,8,110,80,120,80,90,30,510,310.5,2.8000000000000003,0,0,0,1
840,applin,grass,dragon,8,40,40,80,40,40,20,260,0.5,0.2,0,0,0,1
841,flapple,grass,dragon,8,70,110,80,95,60,70,485,1.0,0.3,0,0,0,1
842,appletun,grass,dragon,8,110,85,80,100,80,30,485,13.0,0.4,0,0,0,1
843,silicobra,ground,,8,52,57,75,35,50,46,315,7.6,2.2,0,0,0,1
844,sandaconda,ground,,8,72,107,125,65,70,71,510,65.5,3.8,0,0,0,1
845,cramorant,flying,water,8,70,85,55,85,95,85,475,18.0,0.8,0,0,0,1
846,arrokuda,water,,8,41,63,40,40,30,66,280,1.0,0.5,0,0,0,1
847,barraskewda,water,,8,61,123,60,60,50,136,490,30.0,1.3,0,0,0,1
848,toxel,electric,poison,8,40,38,35,54,35,40,242,11.0,0.4,0,0,0,1
849,toxtricity-amped,electric,poison,8,75,98,70,114,70,75,502,40.0,1.6,0,0,0,1
850,sizzlipede,fire,bug,8,50,65,45,50,50,45,305,1.0,0.7000000000000001,0,0,0,1
851,centiskorch,fire,bug,8,100,115,65,90,90,65,525,120.0,3.0,0,0,0,1
852,clobbopus,fighting,,8,50,68,60,50,50,32,310,4.0,0.6000000000000001,0,0,0,1
853,grapploct,fighting,,8,80,118,90,70,80,42,480,39.0,1.6,0,0,0,1
854,sinistea,ghost,,8,40,45,45,74,54,50,308,0.2,0.1,0,0,0,1
855,polteageist,ghost,,8,60,65,65,134,114,70,508,0.4,0.2,0,0,0,1
856,hatenna,psychic,,8,42,30,45,56,53,39,265,3.4000000000000004,0.4,0,0,0,1
857,hattrem,psychic,,8,57,40,65,86,73,49,370,4.800000000000001,0.6000000000000001,0,0,0,1
858,hatterene,psychic,fairy,8,57,90,95,136,103,29,510,5.1000000000000005,2.1,0,0,0,1
859,impidimp,dark,fairy,8,45,45,30,55,40,50,265,5.5,0.4,0,0,0,1
860,morgrem,dark,fairy,8,65,60,45,75,55,70,370,12.5,0.8,0,0,0,1
861,grimmsnarl,dark,fairy,8,95,120,65,95,75,60,510,61.0,1.5,0,0,0,1
862,obstagoon,dark,normal,8,93,90,101,60,81,95,520,46.0,1.6,0,0,0,1
863,perrserker,steel,,8,70,110,100,50,60,50,440,28.0,0.8,0,0,0,1
864,cursola,ghost,,8,60,95,50,145,130,30,510,0.4,1.0,0,0,0,1
865,sirfetchd,fighting,,8,62,135,95,68,82,65,507,117.0,0.8,0,0,0,1
866,mr-rime,ice,psychic,8,80,85,75,110,100,70,520,58.2,1.5,0,0,0,1
867,runerigus,ground,ghost,8,58,95,145,50,105,30,483,66.60000000000001,1.6,0,0,0,1
868,milcery,fairy,,8,45,40,40,50,61,34,270,0.3,0.2,0,0,0,1
869,alcremie,fairy,,8,65,60,75,110,121,64,495,0.5,0.3,0,0,0,1
870,falinks,fighting,,8,65,100,100,70,60,75,470,62.0,3.0,0,0,0,1
871,pincurchin,electric,,8,48,101,95,91,85,15,435,1.0,0.3,0,0,0,1
872,snom,ice,bug,8,30,25,35,45,30,20,185,3.8,0.3,0,0,0,1
873,frosmoth,ice,bug,8,70,65,60,125,90,65,475,42.0,1.3,0,0,0,1
874,stonjourner,rock,,8,100,125,135,20,20,70,470,520.0,2.5,0,0,0,1
875,eiscue-ice,ice,,8,75,80,110,65,90,50,470,89.0,1.4,0,0,0,1
876,indeedee-male,psychic,normal,8,60,65,55,105,95,95,475,28.0,0.9,0,0,0,1
877,morpeko-full-belly,electric,dark,8,58,95,58,70,58,97,436,3.0,0.3,0,0,0,1
878,cufant,steel,,8,72,80,49,40,49,40,330,100.0,1.2000000000000002,0,0,0,1
879,copperajah,steel,,8,122,130,69,80,69,30,500,650.0,3.0,0,0,0,1
880,dracozolt,electric,dragon,8,90,100,90,80,70,75,505,190.0,1.8,0,0,0,1
881,arctozolt,electric,ice,8,90,100,90,90,80,55,505,150.0,2.3000000000000003,0,0,0,1
882,dracovish,water,dragon,8,90,90,100,70,80,75,505,215.0,2.3000000000000003,0,0,0,1
883,arctovish,water,ice,8,90,90,100,80,90,55,505,175.0,2.0,0,0,0,1
884,duraludon,steel,dragon,8,70,95,115,120,50,85,535,40.0,1.8,0,0,0,1
885,dreepy,dragon,ghost,8,28,60,30,40,30,82,270,2.0,0.5,0,0,0,1
886,drakloak,dragon,ghost,8,68,80,50,60,50,102,410,11.0,1.4,0,0,0,1
887,dragapult,dragon,ghost,8,88,120,75,100,75,142,600,50.0,3.0,0,0,0,1
888,zacian,fairy,,8,92,120,115,80,115,138,660,110.0,2.8000000000000003,1,0,0,0
889,zamazenta,fighting,,8,92,120,115,80,115,138,660,210.0,2.9000000000000004,1,0,0,0
890,eternatus,poison,dragon,8,140,85,95,145,95,130,690,950.0,20.0,1,0,0,0
891,kubfu,fighting,,8,60,90,60,53,50,72,385,12.0,0.6000000000000001,0,0,0,1
892,urshifu-single-strike,fighting,dark,8,100,130,100,63,60,97,550,105.0,1.9,0,0,0,1
893,zarude,dark,grass,8,105,120,105,70,95,105,600,70.0,1.8,0,1,0,0
894,regieleki,electric,,8,80,100,50,100,50,200,580,145.0,1.2000000000000002,1,0,0,0
895,regidrago,dragon,,8,200,100,50,100,50,80,580,200.0,2.1,1,0,0,0
896,glastrier,ice,,8,100,145,130,65,110,30,580,800.0,2.2,1,0,0,0
897,spectrier,ghost,,8,100,65,60,145,80,130,580,44.5,2.0,1,0,0,0
898,calyrex,psychic,grass,8,100,80,80,80,80,80,500,7.7,1.1,1,0,0,0
899,wyrdeer,normal,psychic,8,103,105,72,105,75,65,525,95.1,1.8,0,0,0,1
900,kleavor,bug,rock,8,70,135,95,45,70,85,500,89.0,1.8,0,0,0,1
901,ursaluna,ground,normal,8,130,140,105,45,80,50,550,290.0,2.4000000000000004,0,0,0,1
902,basculegion-male,water,ghost,8,120,112,65,80,75,78,530,110.0,3.0,0,0,0,1
903,sneasler,fighting,poison,8,80,130,60,40,80,120,510,43.0,1.3,0,0,0,1
904,overqwil,dark,poison,8,85,115,95,65,65,85,510,60.5,2.5,0,0,0,1
905,enamorus-incarnate,fairy,flying,8,74,115,70,135,80,106,580,48.0,1.6,0,0,0,1
906,sprigatito,grass,,9,40,61,54,45,45,65,310,4.1000000000000005,0.4,0,0,0,1
907,floragato,grass,,9,61,80,63,60,63,83,410,12.2,0.9,0,0,0,1
908,meowscarada,grass,dark,9,76,110,70,81,70,123,530,31.200000000000003,1.5,0,0,0,1
909,fuecoco,fire,,9,67,45,59,63,40,36,310,9.8,0.4,0,0,0,1
910,crocalor,fire,,9,81,55,78,90,58,49,411,30.700000000000003,1.0,0,0,0,1
911,skeledirge,fire,ghost,9,104,75,100,110,75,66,530,326.5,1.6,0,0,0,1
912,quaxly,water,,9,55,65,45,50,45,50,310,6.1000000000000005,0.5,0,0,0,1
913,quaxwell,water,,9,70,85,65,65,60,65,410,21.5,1.2000000000000002,0,0,0,1
914,quaquaval,water,fighting,9,85,120,80,85,75,85,530,61.900000000000006,1.8,0,0,0,1
915,lechonk,normal,,9,54,45,40,35,45,35,254,10.2,0.5,0,0,0,1
916,oinkologne-male,normal,,9,110,100,75,59,80,65,489,120.0,1.0,0,0,0,1
917,tarountula,bug,,9,35,41,45,29,40,20,210,4.0,0.3,0,0,0,1
918,spidops,bug,,9,60,79,92,52,86,35,404,16.5,1.0,0,0,0,1
919,nymble,bug,,9,33,46,40,21,25,45,210,1.0,0.2,0,0,0,1
920,lokix,bug,dark,9,71,102,78,52,55,92,450,17.5,1.0,0,0,0,1
921,pawmi,electric,,9,45,50,20,40,25,60,240,2.5,0.3,0,0,0,1
922,pawmo,electric,fighting,9,60,75,40,50,40,85,350,6.5,0.4,0,0,0,1
923,pawmot,electric,fighting,9,70,115,70,70,60,105,490,41.0,0.9,0,0,0,1
924,tandemaus,normal,,9,50,50,45,40,45,75,305,1.8,0.3,0,0,0,1
925,maushold-family-of-four,normal,,9,74,75,70,65,75,111,470,2.3000000000000003,0.3,0,0,0,1
926,fidough,fairy,,9,37,55,70,30,55,65,312,10.9,0.3,0,0,0,1
927,dachsbun,fairy,,9,57,80,115,50,80,95,477,14.9,0.5,0,0,0,1
928,smoliv,grass,normal,9,41,35,45,58,51,30,260,6.5,0.3,0,0,0,1
929,dolliv,grass,normal,9,52,53,60,78,78,33,354,11.9,0.6000000000000001,0,0,0,1
930,arboliva,grass,normal,9,78,69,90,125,109,39,510,48.2,1.4,0,0,0,1
931,squawkabilly-green-plumage,normal,flying,9,82,96,51,45,51,92,417,2.4000000000000004,0.6000000000000001,0,0,0,1
932,nacli,rock,,9,55,55,75,35,35,25,280,16.0,0.4,0,0,0,1
933,naclstack,rock,,9,60,60,100,35,65,35,355,105.0,0.6000000000000001,0,0,0,1
934,garganacl,rock,,9,100,100,130,45,90,35,500,240.0,2.3000000000000003,0,0,0,1
935,charcadet,fire,,9,40,50,40,50,40,35,255,10.5,0.6000000000000001,0,0,0,1
936,armarouge,fire,psychic,9,85,60,100,125,80,75,525,85.0,1.5,0,0,0,1
937,ceruledge,fire,ghost,9,75,125,80,60,100,85,525,62.0,1.6,0,0,0,1
938,tadbulb,electric,,9,61,31,41,59,35,45,272,0.4,0.3,0,0,0,1
939,bellibolt,electric,,9,109,64,91,103,83,45,495,113.0,1.2000000000000002,0,0,0,1
940,wattrel,electric,flying,9,40,40,35,55,40,70,280,3.6,0.4,0,0,0,1
941,kilowattrel,electric,flying,9,70,70,60,105,60,125,490,38.6,1.4,0,0,0,1
942,maschiff,dark,,9,60,78,60,40,51,51,340,16.0,0.5,0,0,0,1
943,mabosstiff,dark,,9,80,120,90,60,70,85,505,61.0,1.1,0,0,0,1
944,shroodle,poison,normal,9,40,65,35,40,35,75,290,0.7000000000000001,0.2,0,0,0,1
945,grafaiai,poison,normal,9,63,95,65,80,72,110,485,27.200000000000003,0.7000000000000001,0,0,0,1
946,bramblin,grass,ghost,9,40,65,30,45,35,60,275,0.6000000000000001,0.6000000000000001,0,0,0,1
947,brambleghast,grass,ghost,9,55,115,70,80,70,90,480,6.0,1.2000000000000002,0,0,0,1
948,toedscool,ground,grass,9,40,40,35,50,100,70,335,33.0,0.9,0,0,0,1
949,toedscruel,ground,grass,9,80,70,65,80,120,100,515,58.0,1.9,0,0,0,1
950,klawf,rock,,9,70,100,115,35,55,75,450,79.0,1.3,0,0,0,1
951,capsakid,grass,,9,50,62,40,62,40,50,304,3.0,0.3,0,0,0,1
952,scovillain,grass,fire,9,65,108,65,108,65,75,486,15.0,0.9,0,0,0,1
953,rellor,bug,,9,41,50,60,31,58,30,270,1.0,0.2,0,0,0,1
954,rabsca,bug,psychic,9,75,50,85,115,100,45,470,3.5,0.3,0,0,0,1
955,flittle,psychic,,9,30,35,30,55,30,75,255,1.5,0.2,0,0,0,1
956,espathra,psychic,,9,95,60,60,101,60,105,481,90.0,1.9,0,0,0,1
957,tinkatink,fairy,steel,9,50,45,45,35,64,58,297,8.9,0.4,0,0,0,1
958,tinkatuff,fairy,steel,9,65,55,55,45,82,78,380,59.1,0.7000000000000001,0,0,0,1
959,tinkaton,fairy,steel,9,85,75,77,70,105,94,506,112.8,0.7000000000000001,0,0,0,1
960,wiglett,water,,9,10,55,25,35,25,95,245,1.8,1.2000000000000002,0,0,0,1
961,wugtrio,water,,9,35,100,50,50,70,120,425,5.4,1.2000000000000002,0,0,0,1
962,bombirdier,flying,dark,9,70,103,85,60,85,82,485,42.900000000000006,1.5,0,0,0,1
963,finizen,water,,9,70,45,40,45,40,75,315,60.2,1.3,0,0,0,1
964,palafin-zero,water,,9,100,70,72,53,62,100,457,60.2,1.3,0,0,0,1
965,varoom,steel,poison,9,45,70,63,30,45,47,300,35.0,1.0,0,0,0,1
966,revavroom,steel,poison,9,80,119,90,54,67,90,500,120.0,1.8,0,0,0,1
967,cyclizar,dragon,normal,9,70,95,65,85,65,121,501,63.0,1.6,0,0,0,1
968,orthworm,steel,,9,70,85,145,60,55,65,480,310.0,2.5,0,0,0,1
969,glimmet,rock,poison,9,48,35,42,105,60,60,350,8.0,0.7000000000000001,0,0,0,1
970,glimmora,rock,poison,9,83,55,90,130,81,86,525,45.0,1.5,0,0,0,1
971,greavard,ghost,,9,50,61,60,30,55,34,290,35.0,0.6000000000000001,0,0,0,1
972,houndstone,ghost,,9,72,101,100,50,97,68,488,15.0,2.0,0,0,0,1
973,flamigo,flying,fighting,9,82,115,74,75,64,90,500,37.0,1.6,0,0,0,1
974,cetoddle,ice,,9,108,68,45,30,40,43,334,45.0,1.2000000000000002,0,0,0,1
975,cetitan,ice,,9,170,113,65,45,55,73,521,700.0,4.5,0,0,0,1
976,veluza,water,psychic,9,90,102,73,78,65,70,478,90.0,2.5,0,0,0,1
977,dondozo,water,,9,150,100,115,65,65,35,530,220.0,12.0,0,0,0,1
978,tatsugiri-curly,dragon,water,9,68,50,60,120,95,82,475,8.0,0.3,0,0,0,1
979,annihilape,fighting,ghost,9,110,115,80,50,90,90,535,56.0,1.2000000000000002,0,0,0,1
980,clodsire,poison,ground,9,130,75,60,45,100,20,430,223.0,1.8,0,0,0,1
981,farigiraf,normal,psychic,9,120,90,70,110,70,60,520,160.0,3.2,0,0,0,1
982,dudunsparce-two-segment,normal,,9,125,100,80,85,75,55,520,39.2,3.6,0,0,0,1
983,kingambit,dark,steel,9,100,135,120,60,85,50,550,120.0,2.0,0,0,0,1
984,great-tusk,ground,fighting,9,115,131,131,53,53,87,570,320.0,2.2,0,0,0,1
985,scream-tail,fairy,psychic,9,115,65,99,65,115,111,570,8.0,1.2000000000000002,0,0,0,1
986,brute-bonnet,grass,dark,9,111,127,99,79,99,55,570,21.0,1.2000000000000002,0,0,0,1
987,flutter-mane,ghost,fairy,9,55,55,55,135,135,135,570,4.0,1.4,0,0,0,1
988,slither-wing,bug,fighting,9,85,135,79,85,105,81,570,92.0,3.2,0,0,0,1
989,sandy-shocks,electric,ground,9,85,81,97,121,85,101,570,60.0,2.3000000000000003,0,0,0,1
990,iron-treads,ground,steel,9,90,112,120,72,70,106,570,240.0,0.9,0,0,0,1
991,iron-bundle,ice,water,9,56,80,114,124,60,136,570,11.0,0.6000000000000001,0,0,0,1
992,iron-hands,fighting,electric,9,154,140,108,50,68,50,570,380.7000000000001,1.8,0,0,0,1
993,iron-jugulis,dark,flying,9,94,80,86,122,80,108,570,111.0,1.3,0,0,0,1
994,iron-moth,fire,poison,9,80,70,60,140,110,110,570,36.0,1.2000000000000002,0,0,0,1
995,iron-thorns,rock,electric,9,100,134,110,70,84,72,570,303.0,1.6,0,0,0,1
996,frigibax,dragon,ice,9,65,75,45,35,45,55,320,17.0,0.5,0,0,0,1
997,arctibax,dragon,ice,9,90,95,66,45,65,62,423,30.0,0.8,0,0,0,1
998,baxcalibur,dragon,ice,9,115,145,92,75,86,87,600,210.0,2.1,0,0,0,1
999,gimmighoul,ghost,,9,45,30,70,75,70,10,300,5.0,0.3,0,0,0,1
1000,gholdengo,steel,ghost,9,87,60,95,133,91,84,550,30.0,1.2000000000000002,0,0,0,1
1001,wo-chien,dark,grass,9,85,85,100,95,135,70,570,74.2,1.5,1,0,0,0
1002,chien-pao,dark,ice,9,80,120,80,90,65,135,570,152.20000000000002,1.9,1,0,0,0
1003,ting-lu,dark,ground,9,155,110,125,55,80,45,570,699.7,2.7,1,0,0,0
1004,chi-yu,dark,fire,9,55,80,80,135,120,100,570,4.9,0.4,1,0,0,0
1005,roaring-moon,dragon,dark,9,105,139,71,55,101,119,590,380.0,2.0,0,0,0,1
1006,iron-valiant,fairy,fighting,9,74,130,90,120,60,116,590,35.0,1.4,0,0,0,1
1007,koraidon,fighting,dragon,9,100,135,115,85,100,135,670,303.0,2.5,1,0,0,0
1008,miraidon,electric,dragon,9,100,85,100,135,115,135,670,240.0,3.5,1,0,0,0
1009,walking-wake,water,dragon,9,99,83,91,125,83,109,590,280.0,3.5,0,0,0,1
1010,iron-leaves,grass,psychic,9,90,130,88,70,108,104,590,125.0,1.5,0,0,0,1
1011,dipplin,grass,dragon,9,80,80,110,95,80,40,485,9.7,0.4,0,0,0,1
1012,poltchageist,grass,ghost,9,40,45,45,74,54,50,308,1.1,0.1,0,0,0,1
1013,sinistcha,grass,ghost,9,71,60,106,121,80,70,508,2.2,0.2,0,0,0,1
1014,okidogi,poison,fighting,9,88,128,115,58,86,80,555,92.2,1.8,0,0,0,1
1015,munkidori,poison,psychic,9,88,75,66,130,90,106,555,12.2,1.0,0,0,0,1
1016,fezandipiti,poison,fairy,9,88,91,82,70,125,99,555,30.1,1.4,0,0,0,1
1017,ogerpon,grass,,9,80,120,84,60,96,110,550,39.8,1.2000000000000002,0,0,0,1
1018,archaludon,steel,dragon,9,90,105,130,125,65,85,600,60.0,2.0,0,0,0,1
1019,hydrapple,grass,dragon,9,106,80,110,120,80,44,540,93.0,1.8,0,0,0,1
1020,gouging-fire,fire,dragon,9,105,115,121,65,93,91,590,590.0,3.5,0,0,0,1
1021,raging-bolt,electric,dragon,9,125,73,91,137,89,75,590,480.0,5.2,0,0,0,1
1022,iron-boulder,rock,psychic,9,90,120,80,68,108,124,590,162.5,1.5,0,0,0,1
1023,iron-crown,steel,psychic,9,90,72,100,122,108,98,590,156.0,1.6,0,0,0,1
1024,terapagos,normal,,9,90,65,85,65,85,60,450,6.5,0.2,1,0,0,0
1025,pecharunt,poison,ghost,9,88,88,160,88,88,88,600,0.3,0.3,0,1,0,0
